Cast_ID,InFile,OutFile,Date,Time,Salt1Offset,Salt1_SD,Salt2Offset,Salt2_SD,Ox1_Cruise2ndPolyX2,Ox1_Cruise2ndPolyX1,Ox1_Cruise2ndPolyResid,Ox1_CruiseCorrSD,Ox1_StaReg2ndPolyX2,Ox1_StaReg2ndPolyX,Ox1_StaReg2ndPolyResd,Ox1_StaCorrSD,Ox2_Cruise2ndPolyX2,Ox2_Cruise2ndPolyX1,Ox2_Cruise2ndPolyResid,Ox2_CruiseCorrSD,Ox2_StaReg2ndPolyX2,Ox2_StaReg2ndPolyX,Ox2_StaReg2ndPolyResd,Ox2_StaCorrSD,EstNO3_Cruise2ndPolyX2,EstNO3_Cruise2ndPolyX,EstNO3_Cruise2ndPolyResd,NO3_CruiseCorrSD,EstNO3_StaReg2ndPolyX2,EstNO3_StaReg2ndPolyX,EstNO3_StaReg2ndPolyResd,NO3_StaCorrSD,EstChl_Cruise2ndPolyX2,EstChl_Cruise2ndPolyX,EstChl_Cruise2ndPolyResd,Chl_CruiseCorrSD,EstChl_StaReg2ndPolyX2,EstChl_StaReg2ndPolyX,EstChl_StaReg2ndPolyResd,Chl_StaCorrSD,EstChl_PowerX,EstChl_PowerExp
2504_001u,u2504001.asc,2504_09330280_001u,20-Jun-25,09:54,-0.00062,0.00482,-0.00273,0.00581,0.00000,1.01290,0.15000,0.00000, 0,1.03214,2.84906,0.00000,0.00000,1.04210,0.12910,0.00000, 0,1.06805,2.12048,0.00000,0.00000,0.00000,0.00000,10.15201, 0,12.03829,-4.74628,0.17509,26.14600,2.90860,-0.07890,0.36887,-64.7009619646354,29.58281,-1.71337,0.18319,,
2504_001d,d2504001.asc,2504_09330280_001d,20-Jun-25,09:54,-0.00062,0.01530,-0.00273,0.01180,0.00000,1.01290,0.15000,0.00000, 0,0.99212,4.70952,0.00000,0.00000,1.04210,0.12910,0.00000, 0,1.02650,3.84311,0.00000,0.00000,0.00000,0.00000,10.13709, 0,10.09633,1.69142,2.08962,26.14600,2.90860,-0.07890,0.49358,-78.974214899038,36.55938,-2.05546,0.22858,,
2504_002u,u2504002.asc,2504_09170264_002u,20-Jun-25,09:54,-0.00062,0.01011,-0.00273,0.01091,0.00000,1.01290,0.15000,0.00000, 0,1.01289,6.54558,0.00000,0.00000,1.04210,0.12910,0.00000, 0,1.05525,4.41842,0.00000,0.00000,0.00000,0.00000,9.95191, 0,11.51378,-3.68890,0.47912,26.14600,2.90860,-0.07890,0.59866, 0,11.76177,-0.60229,0.44480,,
2504_002d,d2504002.asc,2504_09170264_002d,20-Jun-25,09:54,-0.00062,0.00795,-0.00273,0.00814,0.00000,1.01290,0.15000,0.00000, 0,1.00646,25.13803,0.00000,0.00000,1.04210,0.12910,0.00000, 0,1.03876,22.71228,0.00000,0.00000,0.00000,0.00000,9.73702, 0,12.01744,-4.57615,0.17894,26.14600,2.90860,-0.07890,1.17582, 0,11.79837,-0.12546,0.75109,,
2504_003u,u2504003.asc,2504_09340264_003u,20-Jun-25,09:54,-0.00062,0.01066,-0.00273,0.01666,0.00000,1.01290,0.15000,0.00000, 0,1.01286,6.54484,0.00000,0.00000,1.04210,0.12910,0.00000, 0,1.04175,5.35707,0.00000,0.00000,0.00000,0.00000,9.94943, 0,11.72639,-4.69205,0.13474,26.14600,2.90860,-0.07890,0.51188, 0,14.75651,-1.11802,0.18884,,
2504_003d,d2504003.asc,2504_09340264_003d,20-Jun-25,09:54,-0.00062,0.02738,-0.00273,0.02069,0.00000,1.01290,0.15000,0.00000, 0,1.03364,17.27568,0.00000,0.00000,1.04210,0.12910,0.00000, 0,1.09117,12.56878,0.00000,0.00000,0.00000,0.00000,9.88480, 0,12.39739,-5.07537,0.71751,26.14600,2.90860,-0.07890,0.45857, 0,16.00876,-1.15478,0.14302,,
2504_004u,u2504004.asc,2504_09330267_004u,20-Jun-25,09:54,-0.00062,0.00373,-0.00273,0.00428,0.00000,1.01290,0.15000,0.00000, 0,1.01306,6.50666,0.00000,0.00000,1.04210,0.12910,0.00000, 0,1.05533,5.91982,0.00000,0.00000,0.00000,0.00000,10.89437, 0,11.99760,-5.22318,0.15463,26.14600,2.90860,-0.07890,0.55474, 0,17.53377,-1.32099,0.09382,,
2504_004d,d2504004.asc,2504_09330267_004d,20-Jun-25,09:54,-0.00062,0.00068,-0.00273,0.00253,0.00000,1.01290,0.15000,0.00000, 0,1.04664,6.10712,0.00000,0.00000,1.04210,0.12910,0.00000, 0,1.08053,4.89463,0.00000,0.00000,0.00000,0.00000,10.89437, 0,12.32379,-5.79383,0.17258,26.14600,2.90860,-0.07890,0.70037, 0,15.53225,-1.09457,0.36655,,
2504_005u,u2504005.asc,2504_09330300_005u,20-Jun-25,09:54,-0.00062,0.00828,-0.00273,0.00909,0.00000,1.01290,0.15000,0.00000, 0,1.01299,6.51999,0.00000,0.00000,1.04210,0.12910,0.00000, 0,1.04771,5.80226,0.00000,0.00000,0.00000,0.00000,10.94701, 0,11.73499,-5.00785,0.31097,26.14600,2.90860,-0.07890,0.00985, 13.7264251710683,0.44566,-0.01316,0.05197,,
2504_005d,d2504005.asc,2504_09330300_005d,20-Jun-25,09:54,-0.00062,0.01500,-0.00273,0.01375,0.00000,1.01290,0.15000,0.00000, 0,0.98596,7.79510,0.00000,0.00000,1.04210,0.12910,0.00000, 0,1.01988,7.14227,0.00000,0.00000,0.00000,0.00000,10.86223, 0,10.66402,-1.19100,1.27747,26.14600,2.90860,-0.07890,0.01569,-1.63977181984589,3.97711,-0.17139,0.07093,,
2504_006u,u2504006.asc,2504_09330350_006u,20-Jun-25,09:55,-0.00062,0.00324,-0.00273,0.00469,0.00000,1.01290,0.15000,0.00000, 0,1.01297,6.52425,0.00000,0.00000,1.04210,0.12910,0.00000, 0,1.04819,5.59295,0.00000,0.00000,0.00000,0.00000,13.16871, 0,11.53581,-5.64466,0.43677,26.14600,2.90860,-0.07890,0.00863,-26.8818149018237,11.27894,-0.61337,0.02697,,
2504_006d,d2504006.asc,2504_09330350_006d,20-Jun-25,09:55,-0.00062,0.01205,-0.00273,0.01121,0.00000,1.01290,0.15000,0.00000, 0,1.01699,5.43375,0.00000,0.00000,1.04210,0.12910,0.00000, 0,1.05285,4.13283,0.00000,0.00000,0.00000,0.00000,13.16871, 0,11.34907,-4.19572,0.50028,26.14600,2.90860,-0.07890,0.00000,-30.7135776905949,12.21277,-0.66326,0.02784,,
2504_007u,u2504007.asc,2504_09330400_007u,20-Jun-25,09:55,-0.00062,0.00367,-0.00273,0.00467,0.00000,1.01290,0.15000,0.00000, 0,1.01300,6.51374,0.00000,0.00000,1.04210,0.12910,0.00000, 0,1.04970,5.52235,0.00000,0.00000,0.00000,0.00000,13.97172, 0,11.90497,-6.03150,0.22817,26.14600,2.90860,-0.07890,0.08668,-32.1869165200422,15.01373,-0.83491,0.05583,,
2504_007d,d2504007.asc,2504_09330400_007d,20-Jun-25,09:55,-0.00062,0.00963,-0.00273,0.00969,0.00000,1.01290,0.15000,0.00000, 0,1.01990,4.39819,0.00000,0.00000,1.04210,0.12910,0.00000, 0,1.05681,2.93864,0.00000,0.00000,0.00000,0.00000,13.97172, 0,11.68554,-4.27098,0.25877,26.14600,2.90860,-0.07890,0.07346,-31.2633308831755,14.59100,-0.81111,0.04780,,
2504_008u,u2504008.asc,2504_09330450_008u,20-Jun-25,09:55,-0.00062,0.00830,-0.00273,0.01021,0.00000,1.01290,0.15000,0.19317, 0,1.01043,6.29708,0.19771,0.00000,1.04210,0.12910,0.19940, 0,1.05147,5.03685,0.19909,0.00000,0.00000,0.00000,12.74007, 0,12.03727,-6.57736,0.24877,26.14600,2.90860,-0.07890,0.14355,-84.6672785957186,28.09447,-1.50060,0.05053,,
2504_008d,d2504008.asc,2504_09330450_008d,20-Jun-25,09:55,-0.00062,0.01142,-0.00273,0.00877,0.00000,1.01290,0.15000,0.21307, 0,1.02519,5.96503,0.21223,0.00000,1.04210,0.12910,0.21278, 0,1.05381,5.16984,0.21074,0.00000,0.00000,0.00000,12.74007, 0,11.50778,-4.08131,0.66292,26.14600,2.90860,-0.07890,0.20892,-79.3380469504516,27.41393,-1.46608,0.12061,,
2504_009u,u2504009.asc,2504_09330500_009u,20-Jun-25,09:56,-0.00062,0.00534,-0.00273,0.00680,0.00000,1.01290,0.15000,0.30060, 0,1.01064,8.58077,0.27858,0.00000,1.04210,0.12910,0.30013, 0,1.04707,7.59756,0.27832,0.00000,0.00000,0.00000,12.93055, 0,11.99238,-6.56187,0.15840,26.14600,2.90860,-0.07890,0.01001,-21.1153712643376,11.10494,-0.62264,0.04276,,
2504_009d,d2504009.asc,2504_09330500_009d,20-Jun-25,09:56,-0.00062,0.01263,-0.00273,0.01301,0.00000,1.01290,0.15000,0.30148, 0,1.04186,6.36802,0.26143,0.00000,1.04210,0.12910,0.30189, 0,1.06716,5.84354,0.26639,0.00000,0.00000,0.00000,12.93055, 0,11.81547,-5.13846,0.36862,26.14600,2.90860,-0.07890,0.01536,-14.6545762052861,9.27111,-0.51649,0.01960,,
2504_010u,u2504010.asc,2504_09330550_010u,20-Jun-25,09:56,-0.00062,0.00389,-0.00273,0.00583,0.00000,1.01290,0.15000,0.04385, 0,1.02101,4.96957,0.04210,0.00000,1.04210,0.12910,0.05751, 0,1.05668,4.29693,0.04728,0.00000,0.00000,0.00000,12.78053, 0,11.93917,-6.34791,0.15400,26.14600,2.90860,-0.07890,0.02796,-36.6273123857676,15.98851,-0.87931,0.06580,,
2504_010d,d2504010.asc,2504_09330550_010d,20-Jun-25,09:56,-0.00062,0.00492,-0.00273,0.00536,0.00000,1.01290,0.15000,0.14823, 0,1.02868,7.31377,0.11579,0.00000,1.04210,0.12910,0.14183, 0,1.06101,6.22636,0.10852,0.00000,0.00000,0.00000,12.78053, 0,11.90714,-5.83453,0.31397,26.14600,2.90860,-0.07890,0.05280,-27.0248504930499,13.01188,-0.70037,0.06309,,
2504_011u,u2504011.asc,2504_09330600_011u,20-Jun-25,09:56,-0.00062,0.00140,-0.00273,0.00348,0.00000,1.01290,0.15000,0.00000, 0,1.01300,6.51939,0.00000,0.00000,1.04210,0.12910,0.00000, 0,1.04939,6.30773,0.00000,0.00000,0.00000,0.00000,12.71519, 0,11.95334,-6.35293,0.17133,26.14600,2.90860,-0.07890,0.03770,-23.4227010094229,11.01666,-0.58106,0.03820,,
2504_011d,d2504011.asc,2504_09330600_011d,20-Jun-25,09:57,-0.00062,0.00220,-0.00273,0.00351,0.00000,1.01290,0.15000,0.00000, 0,1.03184,7.15517,0.00000,0.00000,1.04210,0.12910,0.00000, 0,1.06331,6.35513,0.00000,0.00000,0.00000,0.00000,12.70454, 0,12.10117,-6.31402,0.29011,26.14600,2.90860,-0.07890,0.04625,-46.6773190086091,16.86926,-0.86786,0.04401,,
2504_012u,u2504012.asc,2504_09330700_012u,20-Jun-25,09:57,-0.00062,0.00356,-0.00273,0.00522,0.00000,1.01290,0.15000,0.00000, 0,1.01304,6.51360,0.00000,0.00000,1.04210,0.12910,0.00000, 0,1.04883,5.84716,0.00000,0.00000,0.00000,0.00000,14.18321, 0,12.05228,-6.67103,0.25125,26.14600,2.90860,-0.07890,0.02460,-52.6052665088675,16.61568,-0.83994,0.01922,,
2504_012d,d2504012.asc,2504_09330700_012d,20-Jun-25,09:57,-0.00062,0.01464,-0.00273,0.01498,0.00000,1.01290,0.15000,0.00000, 0,1.02972,4.66286,0.00000,0.00000,1.04210,0.12910,0.00000, 0,1.06594,3.48163,0.00000,0.00000,0.00000,0.00000,14.18321, 0,12.05081,-5.71606,0.37422,26.14600,2.90860,-0.07890,0.02023,-50.4517697916952,16.28789,-0.83911,0.01708,,
2504_013u,u2504013.asc,2504_09330800_013u,20-Jun-25,09:57,-0.00062,0.00262,-0.00273,0.00471,0.00000,1.01290,0.15000,0.00000, 0,1.01300,6.51652,0.00000,0.00000,1.04210,0.12910,0.00000, 0,1.05185,5.52024,0.00000,0.00000,0.00000,0.00000,15.44384, 0,11.84019,-6.03232,0.16247,26.14600,2.90860,-0.07890,0.02202,-19.8786415195626,7.86830,-0.36885,0.01990,,
2504_013d,d2504013.asc,2504_09330800_013d,20-Jun-25,09:57,-0.00062,0.04253,-0.00273,0.04112,0.00000,1.01290,0.15000,0.00000, 0,1.01913,3.63433,0.00000,0.00000,1.04210,0.12910,0.00000, 0,1.05775,1.93818,0.00000,0.00000,0.00000,0.00000,15.44384, 0,11.80640,-4.32840,1.03100,26.14600,2.90860,-0.07890,0.04809, .837645487253854,2.97795,-0.12162,0.04990,,
2504_014u,u2504014.asc,2504_09330900_014u,20-Jun-25,09:58,-0.00062,0.00331,-0.00273,0.00611,0.00000,1.01290,0.15000,0.00000, 0,1.01298,6.51920,0.00000,0.00000,1.04210,0.12910,0.00000, 0,1.05297,5.54213,0.00000,0.00000,0.00000,0.00000,14.73984, 0,11.70662,-5.78516,0.11809,26.14600,2.90860,-0.07890,0.05635, 67.4382252499351,-10.43986,0.48017,0.06158,,
2504_014d,d2504014.asc,2504_09330900_014d,20-Jun-25,09:58,-0.00062,0.02731,-0.00273,0.02819,0.00000,1.01290,0.15000,0.00000, 0,1.02027,5.15088,0.00000,0.00000,1.04210,0.12910,0.00000, 0,1.05447,4.12784,0.00000,0.00000,0.00000,0.00000,14.73984, 0,11.69239,-4.73018,0.33658,26.14600,2.90860,-0.07890,0.07065, 22.6922668891168,-3.02025,0.19858,0.07110,,
2504_015u,u2504015.asc,2504_09331000_015u,20-Jun-25,09:58,-0.00062,0.00779,-0.00273,0.00816,0.00000,1.01290,0.15000,0.00000, 0,1.01293,6.52781,0.00000,0.00000,1.04210,0.12910,0.00000, 0,1.04947,5.09099,0.00000,0.00000,0.00000,0.00000,15.11755, 0,11.68854,-5.88921,0.10624,26.14600,2.90860,-0.07890,0.00907,-8.95916603101549,5.89319,-0.28887,0.00859,,
2504_015d,d2504015.asc,2504_09331000_015d,20-Jun-25,09:58,-0.00062,0.01954,-0.00273,0.01728,0.00000,1.01290,0.15000,0.00000, 0,1.02274,3.98164,0.00000,0.00000,1.04210,0.12910,0.00000, 0,1.06427,2.39119,0.00000,0.00000,0.00000,0.00000,15.11755, 0,11.75772,-5.07604,0.49842,26.14600,2.90860,-0.07890,0.02008,-52.8074455494943,13.78707,-0.61998,0.01687,,
2504_016u,u2504016.asc,2504_09331100_016u,20-Jun-25,09:58,-0.00062,0.00299,-0.00273,0.00608,0.00000,1.01290,0.15000,0.00000, 0,1.01300,6.51594,0.00000,0.00000,1.04210,0.12910,0.00000, 0,1.05160,4.86731,0.00000,0.00000,0.00000,0.00000,15.19499, 0,11.68086,-5.89527,0.11987,26.14600,2.90860,-0.07890,0.02323,-79.1799422792059,17.97447,-0.76970,0.01176,,
2504_016d,d2504016.asc,2504_09331100_016d,20-Jun-25,09:59,-0.00062,0.05027,-0.00273,0.04934,0.00000,1.01290,0.15000,0.00000, 0,1.01578,5.81109,0.00000,0.00000,1.04210,0.12910,0.00000, 0,1.05359,3.75879,0.00000,0.00000,0.00000,0.00000,15.19499, 0,11.76905,-5.13804,0.34748,26.14600,2.90860,-0.07890,0.03338,-61.8262913863494,14.72798,-0.62168,0.02346,,
2504_018u,u2504018.asc,2504_09001200_018u,20-Jun-25,09:59,-0.00062,0.01023,-0.00273,0.01385,0.00000,1.01290,0.15000,0.00741, 0,0.90284,14.52269,0.01637,0.00000,1.04210,0.12910,0.01136, 0,0.93757,13.22301,0.01030,0.00000,0.00000,0.00000,15.32320, 0,11.86536,-5.54944,0.18874,26.14600,2.90860,-0.07890,0.00589,-28.7748543831542,8.54826,-0.39114,0.01115,,
2504_018d,d2504018.asc,2504_09001200_018d,20-Jun-25,09:59,-0.00062,0.00637,-0.00273,0.00410,0.00000,1.01290,0.15000,0.03637, 0,0.90494,14.55309,0.03775,0.00000,1.04210,0.12910,0.04038, 0,0.93854,12.92438,0.03503,0.00000,0.00000,0.00000,15.32320, 0,11.77848,-4.64051,0.27984,26.14600,2.90860,-0.07890,0.00989,-34.1422968488828,9.29682,-0.41182,0.01330,,
2504_019u,u2504019.asc,2504_09001100_019u,20-Jun-25,09:59,-0.00062,0.00392,-0.00273,0.00721,0.00000,1.01290,0.15000,0.01407, 0,1.01492,5.56523,0.02284,0.00000,1.04210,0.12910,0.02777, 0,1.05274,4.40152,0.02548,0.00000,0.00000,0.00000,15.46144, 0,11.73349,-5.10777,0.14398,26.14600,2.90860,-0.07890,0.00467,-59.1197054906235,15.07593,-0.69631,0.00581,,
2504_019d,d2504019.asc,2504_09001100_019d,20-Jun-25,09:59,-0.00062,0.06994,-0.00273,0.07222,0.00000,1.01290,0.15000,0.05468, 0,1.01204,6.02794,0.05807,0.00000,1.04210,0.12910,0.04158, 0,1.04708,4.09984,0.04574,0.00000,0.00000,0.00000,15.46144, 0,11.86724,-4.54691,0.40096,26.14600,2.90860,-0.07890,0.01372,-68.1038541088446,16.55571,-0.75113,0.01302,,
2504_020u,u2504020.asc,2504_09001000_020u,20-Jun-25,10:00,-0.00062,0.01822,-0.00273,0.02006,0.00000,1.01290,0.15000,0.02883, 0,1.01008,6.88772,0.02972,0.00000,1.04210,0.12910,0.03484, 0,1.04743,5.48514,0.02882,0.00000,0.00000,0.00000,15.15971, 0,11.74435,-4.97566,0.13803,26.14600,2.90860,-0.07890,0.00212,-32.5806804199111,9.99357,-0.46847,0.00558,,
2504_020d,d2504020.asc,2504_09001000_020d,20-Jun-25,10:00,-0.00062,0.07546,-0.00273,0.07611,0.00000,1.01290,0.15000,0.02509, 0,1.01334,5.95821,0.02236,0.00000,1.04210,0.12910,0.02364, 0,1.04601,4.48719,0.02232,0.00000,0.00000,0.00000,15.15971, 0,11.80346,-4.39905,0.28958,26.14600,2.90860,-0.07890,0.00407,-36.1678057370052,10.80467,-0.50739,0.01203,,
2504_021u,u2504021.asc,2504_09000900_021u,20-Jun-25,10:00,-0.00062,0.00582,-0.00273,0.00706,0.00000,1.01290,0.15000,0.00759, 0,0.90976,14.08376,0.02260,0.00000,1.04210,0.12910,0.01001, 0,0.94295,12.78941,0.01980,0.00000,0.00000,0.00000,15.19014, 0,11.79975,-4.93868,0.15528,26.14600,2.90860,-0.07890,0.00750,-36.5391947672028,11.28304,-0.53172,0.00929,,
2504_021d,d2504021.asc,2504_09000900_021d,20-Jun-25,10:00,-0.00062,0.05234,-0.00273,0.05250,0.00000,1.01290,0.15000,0.02072, 0,0.90776,14.08535,0.03537,0.00000,1.04210,0.12910,0.01335, 0,0.94066,12.38434,0.02645,0.00000,0.00000,0.00000,15.19014, 0,11.72018,-3.36180,0.29930,26.14600,2.90860,-0.07890,0.02486,-30.2915570631749,9.63390,-0.44156,0.02341,,
2504_022u,u2504022.asc,2504_09000800_022u,20-Jun-25,10:01,-0.00062,0.00180,-0.00273,0.00349,0.00000,1.01290,0.15000,0.00589, 0,1.01365,6.01502,0.01102,0.00000,1.04210,0.12910,0.01701, 0,1.04995,4.68534,0.01340,0.00000,0.00000,0.00000,15.12802, 0,11.88802,-5.90045,0.12093,26.14600,2.90860,-0.07890,0.00735,-25.7595844466124,9.38322,-0.46730,0.01864,,
2504_022d,d2504022.asc,2504_09000800_022d,20-Jun-25,10:01,-0.00062,0.00708,-0.00273,0.00834,0.00000,1.01290,0.15000,0.02352, 0,1.02026,4.80396,0.02668,0.00000,1.04210,0.12910,0.02167, 0,1.05192,3.45368,0.02578,0.00000,0.00000,0.00000,15.12802, 0,11.86819,-4.78823,0.20248,26.14600,2.90860,-0.07890,0.01068,-41.5748214638731,12.72377,-0.61976,0.01909,,
2504_023u,u2504023.asc,2504_08670800_023u,20-Jun-25,10:01,-0.00062,0.00572,-0.00273,0.00723,0.00000,1.01290,0.15000,0.01703, 0,1.01586,5.35013,0.02449,0.00000,1.04210,0.12910,0.02784, 0,1.05275,3.96544,0.02553,0.00000,0.00000,0.00000,15.19711, 0,11.80882,-6.38232,0.09979,26.14600,2.90860,-0.07890,0.00107,-23.5695265350681,9.28472,-0.48212,0.01604,,
2504_023d,d2504023.asc,2504_08670800_023d,20-Jun-25,10:01,-0.00062,0.01501,-0.00273,0.01458,0.00000,1.01290,0.15000,0.04807, 0,1.02223,5.04070,0.04843,0.00000,1.04210,0.12910,0.04091, 0,1.05259,3.53742,0.04615,0.00000,0.00000,0.00000,15.19711, 0,11.75136,-5.35274,0.27419,26.14600,2.90860,-0.07890,0.00297,-26.0243065376827,10.11084,-0.53180,0.01549,,
2504_024u,u2504024.asc,2504_08670900_024u,20-Jun-25,10:01,-0.00062,0.00539,-0.00273,0.00697,0.00000,1.01290,0.15000,0.00622, 0,0.83125,20.37643,0.01980,0.00000,1.04210,0.12910,0.02663, 0,0.85181,20.61061,0.03534,0.00000,0.00000,0.00000,14.53284, 0,11.65579,-6.24909,0.13883,26.14600,2.90860,-0.07890,0.00000, 4.7613559601116,3.80576,-0.25220,0.02279,,
2504_024d,d2504024.asc,2504_08670900_024d,20-Jun-25,10:01,-0.00062,0.03612,-0.00273,0.03123,0.00000,1.01290,0.15000,0.00000, 0,0.83775,17.43322,0.03066,0.00000,1.04210,0.12910,0.00000, 0,0.86476,16.59698,0.03084,0.00000,0.00000,0.00000,14.20460, 0,11.41875,-4.37167,0.81902,26.14600,2.90860,-0.07890,0.00000, 35.5798549504875,-2.89912,0.04543,0.03223,,
2504_025u,u2504025.asc,2504_08671000_025u,20-Jun-25,10:02,-0.00062,0.00292,-0.00273,0.00484,0.00000,1.01290,0.15000,0.01081, 0,0.74619,26.34899,0.01531,0.00000,1.04210,0.12910,0.01738, 0,0.76940,26.10417,0.01423,0.00000,0.00000,0.00000,14.86044, 0,11.75287,-6.31436,0.14034,26.14600,2.90860,-0.07890,0.00077,-14.196087736021,7.29702,-0.39993,0.01594,,
2504_025d,d2504025.asc,2504_08671000_025d,20-Jun-25,10:02,-0.00062,0.01568,-0.00273,0.01480,0.00000,1.01290,0.15000,0.02275, 0,0.74949,25.04656,0.04281,0.00000,1.04210,0.12910,0.02199, 0,0.77390,23.96708,0.04153,0.00000,0.00000,0.00000,14.86044, 0,11.56669,-4.67836,0.42183,26.14600,2.90860,-0.07890,0.00422,-11.6223543455929,6.78624,-0.37669,0.02278,,
2504_026u,u2504026.asc,2504_08671100_026u,20-Jun-25,10:02,-0.00062,0.00392,-0.00273,0.00455,0.00000,1.01290,0.15000,0.01010, 0,1.01687,4.94853,0.02548,0.00000,1.04210,0.12910,0.00846, 0,1.04800,3.96770,0.02258,0.00000,0.00000,0.00000,14.90542, 0,11.54375,-6.49597,0.14249,26.14600,2.90860,-0.07890,0.00617,-18.6089219972492,7.32865,-0.37359,0.01939,,
2504_026d,d2504026.asc,2504_08671100_026d,20-Jun-25,10:02,-0.00062,0.01013,-0.00273,0.01104,0.00000,1.01290,0.15000,0.01741, 0,1.02077,4.03483,0.02851,0.00000,1.04210,0.12910,0.01472, 0,1.05042,2.86993,0.03031,0.00000,0.00000,0.00000,14.90542, 0,11.47889,-5.06535,0.27056,26.14600,2.90860,-0.07890,0.00662,-24.764335524635,8.80063,-0.44442,0.02159,,
2504_027u,u2504027.asc,2504_08331100_027u,20-Jun-25,10:02,-0.00062,0.00574,-0.00273,0.00626,0.00000,1.01290,0.15000,0.01451, 0,1.02073,4.49354,0.01724,0.00000,1.04210,0.12910,0.01758, 0,1.05162,3.55150,0.01665,0.00000,0.00000,0.00000,14.93457, 0,11.58664,-5.61796,0.12579,26.14600,2.90860,-0.07890,0.00438,-26.217024699637,10.37851,-0.54075,0.01026,,
2504_027d,d2504027.asc,2504_08331100_027d,20-Jun-25,10:02,-0.00062,0.01173,-0.00273,0.01035,0.00000,1.01290,0.15000,0.02261, 0,1.01556,5.35010,0.03024,0.00000,1.04210,0.12910,0.02119, 0,1.04368,4.29540,0.03095,0.00000,0.00000,0.00000,14.93457, 0,11.50843,-4.56151,0.36045,26.14600,2.90860,-0.07890,0.02346,-35.5173648614327,12.49549,-0.63806,0.02214,,
2504_028u,u2504028.asc,2504_08331000_028u,20-Jun-25,10:02,-0.00062,0.00307,-0.00273,0.00620,0.00000,1.01290,0.15000,0.02524, 0,1.02052,4.71496,0.02842,0.00000,1.04210,0.12910,0.03665, 0,1.05490,3.61911,0.03137,0.00000,0.00000,0.00000,14.80181, 0,11.58440,-6.17006,0.15689,26.14600,2.90860,-0.07890,0.00053,-22.4545718179945,8.61017,-0.44413,0.01306,,
2504_028d,d2504028.asc,2504_08331000_028d,20-Jun-25,10:03,-0.00062,0.00693,-0.00273,0.00663,0.00000,1.01290,0.15000,0.04863, 0,1.01006,7.23228,0.04445,0.00000,1.04210,0.12910,0.04362, 0,1.03794,6.24280,0.04166,0.00000,0.00000,0.00000,14.80181, 0,11.36418,-4.81952,0.25863,26.14600,2.90860,-0.07890,0.03409,-14.370988068337,6.78840,-0.33486,0.03668,,
2504_029u,u2504029.asc,2504_08330900_029u,20-Jun-25,10:03,-0.00062,0.00385,-0.00273,0.00399,0.00000,1.01290,0.15000,0.01874, 0,1.02106,4.79938,0.02043,0.00000,1.04210,0.12910,0.01507, 0,1.05154,4.01776,0.01759,0.00000,0.00000,0.00000,15.17255, 0,11.56647,-6.11924,0.11104,26.14600,2.90860,-0.07890,0.02259,-44.5970530472644,14.42090,-0.73834,0.02014,,
2504_029d,d2504029.asc,2504_08330900_029d,20-Jun-25,10:03,-0.00062,0.02010,-0.00273,0.02042,0.00000,1.01290,0.15000,0.03969, 0,1.03395,3.49063,0.03519,0.00000,1.04210,0.12910,0.03614, 0,1.05864,2.75959,0.03845,0.00000,0.00000,0.00000,15.17255, 0,11.41971,-4.44077,0.37618,26.14600,2.90860,-0.07890,0.03584,-59.680145850675,17.93665,-0.90734,0.02342,,
2504_030u,u2504030.asc,2504_08330800_030u,20-Jun-25,10:03,-0.00062,0.00425,-0.00273,0.00561,0.00000,1.01290,0.15000,0.02563, 0,1.01298,5.92750,0.03538,0.00000,1.04210,0.12910,0.01769, 0,1.04009,5.18734,0.03001,0.00000,0.00000,0.00000,13.67148, 0,8.67671,5.94964,13.67148,26.14600,2.90860,-0.07890,0.02386,-9.87560003268485,8.57900,-0.51348,0.10195,,
2504_030d,d2504030.asc,2504_08330800_030d,20-Jun-25,10:03,-0.00062,0.00460,-0.00273,0.00466,0.00000,1.01290,0.15000,0.09774, 0,1.03350,6.41099,0.08387,0.00000,1.04210,0.12910,0.09483, 0,1.06534,5.19973,0.07727,0.00000,0.00000,0.00000,11.50977, 0,11.82406,-5.43163,0.15584,26.14600,2.90860,-0.07890,0.10149,-19.4492970022542,12.12287,-0.69045,0.10052,,
2504_031u,u2504031.asc,2504_08330700_031u,20-Jun-25,10:03,-0.00062,0.00415,-0.00273,0.00455,0.00000,1.01290,0.15000,0.03579, 0,1.01426,5.66501,0.04410,0.00000,1.04210,0.12910,0.03789, 0,1.04382,5.42702,0.04082,0.00000,0.00000,0.00000,14.77240, 0,12.34475,16.26702,7.51933,26.14600,2.90860,-0.07890,0.01075,-16.3512692328571,9.31540,-0.52122,0.03082,,
2504_031d,d2504031.asc,2504_08330700_031d,20-Jun-25,10:03,-0.00062,0.03118,-0.00273,0.03108,0.00000,1.01290,0.15000,0.04177, 0,1.02247,4.95750,0.04147,0.00000,1.04210,0.12910,0.03445, 0,1.04314,4.86359,0.04111,0.00000,0.00000,0.00000,8.03364, 0,3.23940,16.81183,14.77240,26.14600,2.90860,-0.07890,0.00917,-4.47676688728311,5.88562,-0.33666,0.02330,,
2504_032u,u2504032.asc,2504_08330600_032u,20-Jun-25,10:03,-0.00062,0.00207,-0.00273,0.00390,0.00000,1.01290,0.15000,0.03282, 0,1.02076,5.19385,0.03646,0.00000,1.04210,0.12910,0.02784, 0,1.04614,4.87976,0.03286,0.00000,0.00000,0.00000,10.68374, 0,332.31826,-0.50613,3.40624,26.14600,2.90860,-0.07890,0.01496, 35.6255337420769,-3.50477,0.13587,0.06598,,
2504_032d,d2504032.asc,2504_08330600_032d,20-Jun-25,10:04,-0.00062,0.01230,-0.00273,0.01196,0.00000,1.01290,0.15000,0.04991, 0,1.00247,6.69866,0.06769,0.00000,1.04210,0.12910,0.04926, 0,1.02658,6.47321,0.06743,0.00000,0.00000,0.00000,7.61418, 0,12008.60648,-1234.07659,4.73024,26.14600,2.90860,-0.07890,0.20850, 53.5165251964618,-8.80439,0.41292,0.23671,,
2504_033u,u2504033.asc,2504_08330550_033u,20-Jun-25,10:04,-0.00062,0.00132,-0.00273,0.00396,0.00000,1.01290,0.15000,0.04668, 0,1.01382,6.11882,0.05155,0.00000,1.04210,0.12910,0.05968, 0,1.04283,6.01509,0.05754,0.00000,0.00000,0.00000,13.17675, 0,28.03729,-6.15453,5.15570,26.14600,2.90860,-0.07890,0.08267,-39.5846171729312,15.85362,-0.83831,0.06995,,
2504_033d,d2504033.asc,2504_08330550_033d,20-Jun-25,10:04,-0.00062,0.01655,-0.00273,0.01641,0.00000,1.01290,0.15000,0.14553, 0,1.03597,4.14161,0.13331,0.00000,1.04210,0.12910,0.15394, 0,1.06132,4.03600,0.14026,0.00000,0.00000,0.00000,13.17675, 0,32.02242,-3.30798,2.87768,26.14600,2.90860,-0.07890,0.08791,-56.2398223517838,19.99008,-1.03423,0.06452,,
2504_034u,u2504034.asc,2504_08070599_034u,20-Jun-25,10:04,-0.00062,0.00501,-0.00273,0.00650,0.00000,1.01290,0.15000,0.03413, 0,0.65306,26.24449,0.05227,0.00000,1.04210,0.12910,0.03165, 0,0.66766,26.28389,0.04849,0.00000,0.00000,0.00000,9.39667, 0,-2.70192,26.93726,9.39667,26.14600,2.90860,-0.07890,0.45154,-85.4979229886471,36.60831,-2.05578,0.20928,,
2504_034d,d2504034.asc,2504_08070599_034d,20-Jun-25,10:04,-0.00062,0.01686,-0.00273,0.01576,0.00000,1.01290,0.15000,0.09617, 0,0.63410,29.92548,0.12502,0.00000,1.04210,0.12910,0.09943, 0,0.64529,30.23261,0.12557,0.00000,0.00000,0.00000,3.94319, 0,44.94246,2.22666,2.05659,26.14600,2.90860,-0.07890,0.51839,-156.869860705822,54.29983,-2.93995,0.19901,,
2504_035u,u2504035.asc,2504_08000600_035u,20-Jun-25,10:04,-0.00062,0.00138,-0.00273,0.00379,0.00000,1.01290,0.15000,0.03417, 0,1.02633,3.81188,0.04605,0.00000,1.04210,0.12910,0.03351, 0,1.05484,3.38441,0.04380,0.00000,0.00000,0.00000,10.14609, 0,0.29057,23.94203,10.14609,26.14600,2.90860,-0.07890,0.15287,-29.1545187818094,16.43652,-0.90355,0.06434,,
2504_035d,d2504035.asc,2504_08000600_035d,20-Jun-25,10:04,-0.00062,0.02081,-0.00273,0.02096,0.00000,1.01290,0.15000,0.04302, 0,0.98820,4.28288,0.09762,0.00000,1.04210,0.12910,0.02607, 0,1.00608,4.10192,0.09545,0.00000,0.00000,0.00000,4.57667, 0,0.64815,23.34571,10.14609,26.14600,2.90860,-0.07890,0.11279,-24.6055340463596,14.89105,-0.84661,0.06643,,
2504_036u,u2504036.asc,2504_08000550_036u,20-Jun-25,10:05,-0.00062,0.00415,-0.00273,0.00608,0.00000,1.01290,0.15000,0.03140, 0,0.70232,30.94460,0.02720,0.00000,1.04210,0.12910,0.03592, 0,0.71372,31.41036,0.02903,0.00000,0.00000,0.00000,8.15790, 0,11.75901,-5.15468,0.16382,26.14600,2.90860,-0.07890,0.08830,-6.21085405615677,9.66745,-0.52359,0.05928,,
2504_036d,d2504036.asc,2504_08000550_036d,20-Jun-25,10:05,-0.00062,0.01323,-0.00273,0.01331,0.00000,1.01290,0.15000,0.15985, 0,0.67693,37.34747,0.13466,0.00000,1.04210,0.12910,0.16200, 0,0.69952,36.34662,0.13661,0.00000,0.00000,0.00000,8.15790, 0,11.91567,-5.09589,0.29607,26.14600,2.90860,-0.07890,0.19061,-23.5742372194141,16.44170,-0.92432,0.11392,,
2504_037u,u2504037.asc,2504_08000505_037u,20-Jun-25,10:05,-0.00062,0.00068,-0.00273,0.00266,0.00000,1.01290,0.15000,0.02126, 0,1.00985,7.43714,0.01750,0.00000,1.04210,0.12910,0.02826, 0,1.03963,6.21245,0.02736,0.00000,0.00000,0.00000,7.84332, 0,12.55127,-6.84618,0.39356,26.14600,2.90860,-0.07890,0.76079, 0,19.27868,-1.38429,0.20346,,
2504_037d,d2504037.asc,2504_08000505_037d,20-Jun-25,10:05,-0.00062,0.00121,-0.00273,0.00282,0.00000,1.01290,0.15000,0.05040, 0,0.97359,14.46758,0.01405,0.00000,1.04210,0.12910,0.05358, 0,1.00193,13.31996,0.01903,0.00000,0.00000,0.00000,7.84332, 0,12.43391,-5.66204,0.11663,26.14600,2.90860,-0.07890,0.69998, 0,18.76275,-1.26444,0.04468,,
2504_038u,u2504038.asc,2504_08000510_038u,20-Jun-25,10:05,-0.00062,0.00026,-0.00273,0.00524,0.00000,1.01290,0.15000,0.02644, 0,1.03112,2.97177,0.01940,0.00000,1.04210,0.12910,0.04970, 0,1.07082,1.45893,0.03316,0.00000,0.00000,0.00000,9.21642, 0,12.43028,-6.93147,0.33285,26.14600,2.90860,-0.07890,0.77006, 0,16.83728,-1.02852,0.22883,,
2504_038d,d2504038.asc,2504_08000510_038d,20-Jun-25,10:05,-0.00062,0.00652,-0.00273,0.00273,0.00000,1.01290,0.15000,0.05288, 0,1.00624,5.24497,0.07086,0.00000,1.04210,0.12910,0.02060, 0,1.03667,2.81394,0.05358,0.00000,0.00000,0.00000,9.21642, 0,11.87351,-4.28985,1.03923,26.14600,2.90860,-0.07890,0.61454, 0,15.58574,-0.94996,0.21683,,
2504_039u,u2504039.asc,2504_08120539_039u,20-Jun-25,10:05,-0.00062,0.00344,-0.00273,0.00546,0.00000,1.01290,0.15000,0.18575, 0,1.03439,4.75507,0.14618,0.00000,1.04210,0.12910,0.18408, 0,1.06757,3.51759,0.14177,0.00000,0.00000,0.00000,7.44506, 0,12.60109,-7.67411,0.34067,26.14600,2.90860,-0.07890,0.72099, 0,14.37577,-0.58695,0.50490,,
2504_039d,d2504039.asc,2504_08120539_039d,20-Jun-25,10:05,-0.00062,0.00205,-0.00273,0.00236,0.00000,1.01290,0.15000,0.19091, 0,0.95741,17.84814,0.13834,0.00000,1.04210,0.12910,0.14493, 0,0.99494,13.94001,0.11167,0.00000,0.00000,0.00000,7.44506, 0,11.67822,-4.70619,0.61521,26.14600,2.90860,-0.07890,0.37636, 0,12.67850,-0.55092,0.16473,,
2504_040u,u2504040.asc,2504_08270461_040u,20-Jun-25,10:05,-0.00062,0.00113,-0.00273,0.00249,0.00000,1.01290,0.15000,0.02469, 0,1.02276,4.41463,0.02152,0.00000,1.04210,0.12910,0.03557, 0,1.05076,4.14170,0.03146,0.00000,0.00000,0.00000,11.42968, 0,12.34175,-6.21121,0.12529,26.14600,2.90860,-0.07890,0.80849,-104.089677711923,47.72426,-2.72836,0.18739,,
2504_040d,d2504040.asc,2504_08270461_040d,20-Jun-25,10:05,-0.00062,0.00298,-0.00273,0.00289,0.00000,1.01290,0.15000,0.25224, 0,1.04221,3.64170,0.20862,0.00000,1.04210,0.12910,0.23707, 0,1.06828,2.71117,0.19917,0.00000,0.00000,0.00000,11.42968, 0,12.36040,-5.57075,0.22270,26.14600,2.90860,-0.07890,0.74425,-93.4840898750228,45.23278,-2.59406,0.16640,,
2504_041u,u2504041.asc,2504_08180469_041u,20-Jun-25,10:05,-0.00062,0.00452,-0.00273,0.00546,0.00000,1.01290,0.15000,0.02607, 0,0.67750,19.15151,0.05217,0.00000,1.04210,0.12910,0.02776, 0,0.69735,18.75616,0.05041,0.00000,0.00000,0.00000,7.11148, 0,11.18597,-3.42443,1.35619,26.14600,2.90860,-0.07890,0.11693,-7.78200732922246,16.19913,-1.06101,0.12412,,
2504_041d,d2504041.asc,2504_08180469_041d,20-Jun-25,10:05,-0.00062,0.01118,-0.00273,0.00970,0.00000,1.01290,0.15000,0.05349, 0,0.69454,18.83540,0.04646,0.00000,1.04210,0.12910,0.04535, 0,0.70723,18.66908,0.04888,0.00000,0.00000,0.00000,6.39028, 0,11.75242,-4.44149,0.91476,26.14600,2.90860,-0.07890,0.56012, 13.9166310881306,9.82711,-0.74051,0.28482,,
2504_042u,u2504042.asc,2504_08170435_042u,20-Jun-25,10:05,-0.00062,0.00318,-0.00273,0.00399,0.00000,1.01290,0.15000,0.04360, 0,1.03113,2.71618,0.02550,0.00000,1.04210,0.12910,0.03487, 0,1.06292,1.75038,0.01475,0.00000,0.00000,0.00000,9.53954, 0,12.12675,-5.83961,0.12771,26.14600,2.90860,-0.07890,0.42615, 0,15.33037,-0.98265,0.06505,,
2504_042d,d2504042.asc,2504_08170435_042d,20-Jun-25,10:05,-0.00062,0.00643,-0.00273,0.00521,0.00000,1.01290,0.15000,0.05750, 0,1.04458,-0.84255,0.04167,0.00000,1.04210,0.12910,0.03225, 0,1.05965,-0.28849,0.04260,0.00000,0.00000,0.00000,9.38469, 0,12.59904,-6.03117,0.26550,26.14600,2.90860,-0.07890,0.47400, 0,16.67611,-1.09934,0.02464,,
2504_043u,u2504043.asc,2504_08330420_043u,20-Jun-25,10:05,-0.00062,0.00773,-0.00273,0.00989,0.00000,1.01290,0.15000,0.04988, 0,1.03393,2.72639,0.04416,0.00000,1.04210,0.12910,0.03557, 0,1.06033,2.44015,0.03190,0.00000,0.00000,0.00000,9.84044, 0,12.22799,-6.10562,0.32214,26.14600,2.90860,-0.07890,0.39262,-99.4116280553239,39.93103,-2.18534,0.03109,,
2504_043d,d2504043.asc,2504_08330420_043d,20-Jun-25,10:05,-0.00062,0.02695,-0.00273,0.02532,0.00000,1.01290,0.15000,0.00000, 0,1.02935,2.69534,0.04037,0.00000,1.04210,0.12910,0.00000, 0,1.05603,1.88376,0.03982,0.00000,0.00000,0.00000,9.84044, 0,12.07299,-4.95516,0.87660,26.14600,2.90860,-0.07890,0.38295,-77.6963388464578,34.27275,-1.90307,0.06148,,
2504_044u,u2504044.asc,2504_08330406_044u,20-Jun-25,10:05,-0.00062,0.00646,-0.00273,0.00611,0.00000,1.01290,0.15000,0.11240, 0,0.85333,37.34203,0.11866,0.00000,1.04210,0.12910,0.10705, 0,0.88020,35.31757,0.11258,0.00000,0.00000,0.00000,4.97696, 0,10.11527,-2.97514,0.58630,26.14600,2.90860,-0.07890,0.16682, 0,15.01503,-0.87125,0.03102,,
2504_044d,d2504044.asc,2504_08330406_044d,20-Jun-25,10:05,-0.00062,0.00624,-0.00273,0.00601,0.00000,1.01290,0.15000,0.08238, 0,0.86621,33.84663,0.12234,0.00000,1.04210,0.12910,0.07515, 0,0.89291,31.91783,0.10403,0.00000,0.00000,0.00000,4.74697, 0,10.18514,-2.74314,0.43677,26.14600,2.90860,-0.07890,0.13941, 0,12.43568,-0.57143,0.03770,,
2504_045u,u2504045.asc,2504_08330394_045u,20-Jun-25,10:05,-0.00062,0.00359,-0.00273,0.00340,0.00000,1.01290,0.15000,0.02451, 0,1.04707,-1.66673,0.02114,0.00000,1.04210,0.12910,0.03835, 0,1.06113,1.06946,0.04600,0.00000,0.00000,0.00000,6.90862, 0,13.26245,-6.93681,0.29105,26.14600,2.90860,-0.07890,0.43568, 0,18.58305,-1.23580,0.15652,,
2504_045d,d2504045.asc,2504_08330394_045d,20-Jun-25,10:05,-0.00062,0.00442,-0.00273,0.00465,0.00000,1.01290,0.15000,0.02435, 0,1.06424,-6.68457,0.02503,0.00000,1.04210,0.12910,0.00000, 0,1.06135,-2.31302,0.01761,0.00000,0.00000,0.00000,6.90862, 0,13.52695,-6.18028,0.10700,26.14600,2.90860,-0.07890,0.42419, 0,16.48878,-1.00564,0.18504,,
2504_046u,u2504046.asc,2504_08400417_046u,20-Jun-25,10:06,-0.00062,0.00494,-0.00273,0.00444,0.00000,1.01290,0.15000,0.02935, 0,1.04344,-0.36418,0.03005,0.00000,1.04210,0.12910,0.00837, 0,1.07552,-2.76494,0.01501,0.00000,0.00000,0.00000,5.91319, 0,11.78702,-5.35926,0.28815,26.14600,2.90860,-0.07890,0.33862, 0,15.87681,-1.01709,0.05875,,
2504_046d,d2504046.asc,2504_08400417_046d,20-Jun-25,10:06,-0.00062,0.01047,-0.00273,0.01003,0.00000,1.01290,0.15000,0.01776, 0,1.06720,-4.25638,0.03227,0.00000,1.04210,0.12910,0.00000, 0,1.09118,-4.69320,0.02693,0.00000,0.00000,0.00000,5.89582, 0,12.66889,-5.75683,0.28244,26.14600,2.90860,-0.07890,0.40261, 0,18.62547,-1.13405,0.12586,,
2504_047u,u2504047.asc,2504_08450435_047u,20-Jun-25,10:06,-0.00062,0.00444,-0.00273,0.00511,0.00000,1.01290,0.15000,0.01057, 0,0.84190,14.69142,0.03090,0.00000,1.04210,0.12910,0.00000, 0,0.85866,14.45469,0.02701,0.00000,0.00000,0.00000,10.61120, 0,11.92587,-5.67009,0.10795,26.14600,2.90860,-0.07890,0.08337,-9.7075825114625,12.16794,-0.73644,0.04351,,
2504_047d,d2504047.asc,2504_08450435_047d,20-Jun-25,10:06,-0.00062,0.01603,-0.00273,0.01590,0.00000,1.01290,0.15000,0.06489, 0,0.85353,14.92003,0.05664,0.00000,1.04210,0.12910,0.06098, 0,0.87264,14.73972,0.05313,0.00000,0.00000,0.00000,10.61120, 0,12.04168,-5.49791,0.47993,26.14600,2.90860,-0.07890,0.09527,-57.4179657676659,19.86767,-1.03347,0.05105,,
2504_048u,u2504048.asc,2504_08330510_048u,20-Jun-25,10:06,-0.00062,0.00514,-0.00273,0.00628,0.00000,1.01290,0.15000,0.82041, 0,0.72152,60.70770,0.42046,0.00000,1.04210,0.12910,0.81741, 0,0.73609,60.57499,0.41914,0.00000,0.00000,0.00000,4.12786, 0,11.82696,-4.95668,0.25128,26.14600,2.90860,-0.07890,1.19776,-145.833485090553,79.91150,-6.59843,0.52298,,
2504_048d,d2504048.asc,2504_08330510_048d,20-Jun-25,10:06,-0.00062,0.03323,-0.00273,0.03365,0.00000,1.01290,0.15000,0.85337, 0,0.57413,80.86665,0.41246,0.00000,1.04210,0.12910,0.85709, 0,0.59106,80.05852,0.41098,0.00000,0.00000,0.00000,4.12786, 0,10.13302,-0.40472,0.99091,26.14600,2.90860,-0.07890,0.87708,-20.2214484072733,24.74373,-1.69159,0.51917,,
2504_049u,u2504049.asc,2504_08360515_049u,20-Jun-25,10:06,-0.00062,0.00847,-0.00273,0.00974,0.00000,1.01290,0.15000,0.00582, 0,1.01134,4.05935,0.03517,0.00000,1.04210,0.12910,0.00000, 0,1.03908,3.50310,0.02917,0.00000,0.00000,0.00000,7.31245, 0,12.10803,-5.86048,0.11401,26.14600,2.90860,-0.07890,0.52456,-25.7815905026432,23.19446,-1.38029,0.09533,,
2504_049d,d2504049.asc,2504_08360515_049d,20-Jun-25,10:06,-0.00062,0.01947,-0.00273,0.02232,0.00000,1.01290,0.15000,0.04182, 0,0.98513,3.13147,0.11401,0.00000,1.04210,0.12910,0.03633, 0,1.00809,2.27544,0.11496,0.00000,0.00000,0.00000,7.30145, 0,11.56553,-3.32628,0.59071,26.14600,2.90860,-0.07890,0.65636,-160.945054655429,62.34665,-3.45886,0.23123,,
2504_050u,u2504050.asc,2504_08670500_050u,20-Jun-25,10:06,-0.00062,0.00157,-0.00273,0.00307,0.00000,1.01290,0.15000,0.01425, 0,1.01092,6.46938,0.02124,0.00000,1.04210,0.12910,0.01605, 0,1.03863,6.13008,0.01730,0.00000,0.00000,0.00000,6.92710, 0,11.96494,-5.25405,0.27325,26.14600,2.90860,-0.07890,0.10569, 0,6.11275,-0.23301,0.08656,,
2504_050d,d2504050.asc,2504_08670500_050d,20-Jun-25,10:06,-0.00062,0.02560,-0.00273,0.01962,0.00000,1.01290,0.15000,0.02117, 0,1.02431,0.69672,0.01749,0.00000,1.04210,0.12910,0.00000, 0,1.04520,1.18809,0.00645,0.00000,0.00000,0.00000,6.92710, 0,13.15114,-5.34046,0.99348,26.14600,2.90860,-0.07890,0.00389, 0,6.42009,-0.37708,0.05895,,
2504_051u,u2504051.asc,2504_08670450_051u,20-Jun-25,10:06,-0.00062,0.00132,-0.00273,0.00384,0.00000,1.01290,0.15000,0.09197, 0,0.82018,16.95055,0.09673,0.00000,1.04210,0.12910,0.10017, 0,0.84548,16.61408,0.09775,0.00000,0.00000,0.00000,12.35106, 0,12.08295,-6.09008,0.18599,26.14600,2.90860,-0.07890,0.05905,-29.3737191055949,15.51216,-0.86167,0.02901,,
2504_051d,d2504051.asc,2504_08670450_051d,20-Jun-25,10:06,-0.00062,0.02388,-0.00273,0.02377,0.00000,1.01290,0.15000,0.11225, 0,0.83947,14.79737,0.11100,0.00000,1.04210,0.12910,0.11960, 0,0.86343,14.16017,0.12009,0.00000,0.00000,0.00000,12.35106, 0,11.89399,-4.64755,0.76114,26.14600,2.90860,-0.07890,0.08061,-30.8281215451174,16.22114,-0.91470,0.05358,,
2504_052u,u2504052.asc,2504_08670400_052u,20-Jun-25,10:07,-0.00062,0.00316,-0.00273,0.00512,0.00000,1.01290,0.15000,0.03080, 0,1.02150,5.40393,0.03637,0.00000,1.04210,0.12910,0.03502, 0,1.04812,4.98619,0.03692,0.00000,0.00000,0.00000,12.09907, 0,11.64448,-5.33379,0.14030,26.14600,2.90860,-0.07890,0.01128,-12.1790990764244,9.43375,-0.54418,0.03361,,
2504_052d,d2504052.asc,2504_08670400_052d,20-Jun-25,10:07,-0.00062,0.02874,-0.00273,0.02932,0.00000,1.01290,0.15000,0.06877, 0,1.03489,2.92580,0.07449,0.00000,1.04210,0.12910,0.06040, 0,1.06609,1.81836,0.06550,0.00000,0.00000,0.00000,12.09907, 0,11.72610,-4.79651,0.41694,26.14600,2.90860,-0.07890,0.07033,-13.3164544702387,10.10121,-0.57540,0.07998,,
2504_053u,u2504053.asc,2504_08670350_053u,20-Jun-25,10:07,-0.00062,0.00977,-0.00273,0.00882,0.00000,1.01290,0.15000,0.02668, 0,0.78835,19.62408,0.04068,0.00000,1.04210,0.12910,0.02917, 0,0.80944,19.41381,0.03972,0.00000,0.00000,0.00000,10.67977, 0,11.77896,-5.37828,0.12200,26.14600,2.90860,-0.07890,0.08611,-14.7716812495321,8.96951,-0.50311,0.10762,,
2504_053d,d2504053.asc,2504_08670350_053d,20-Jun-25,10:07,-0.00062,0.01793,-0.00273,0.01832,0.00000,1.01290,0.15000,0.02362, 0,0.79404,18.85942,0.03441,0.00000,1.04210,0.12910,0.00196, 0,0.81199,18.41469,0.02867,0.00000,0.00000,0.00000,10.61567, 0,11.46265,-3.79020,0.51720,26.14600,2.90860,-0.07890,0.00000, 3.58675784762726,4.41850,-0.28584,0.05933,,
2504_054u,u2504054.asc,2504_08540358_054u,20-Jun-25,10:07,-0.00062,0.00927,-0.00273,0.01193,0.00000,1.01290,0.15000,0.03319, 0,1.00930,8.61625,0.01446,0.00000,1.04210,0.12910,0.03113, 0,1.03418,7.83885,0.00000,0.00000,0.00000,0.00000,8.15498, 0,11.89302,-4.88055,0.24648,26.14600,2.90860,-0.07890,0.06101, 0,5.96328,-0.30045,0.05707,,
2504_054d,d2504054.asc,2504_08540358_054d,20-Jun-25,10:07,-0.00062,0.00857,-0.00273,0.00752,0.00000,1.01290,0.15000,0.02983, 0,1.01404,8.58600,0.00866,0.00000,1.04210,0.12910,0.03600, 0,1.03878,7.52487,0.02003,0.00000,0.00000,0.00000,8.15498, 0,12.77230,-5.56524,0.69343,26.14600,2.90860,-0.07890,0.07257, 0,7.43663,-0.43297,0.05048,,
2504_055u,u2504055.asc,2504_08670330_055u,20-Jun-25,10:07,-0.00062,0.00272,-0.00273,0.00717,0.00000,1.01290,0.15000,0.01070, 0,1.05665,-4.50377,0.01463,0.00000,1.04210,0.12910,0.00530, 0,1.08960,-6.28080,0.01197,0.00000,0.00000,0.00000,8.27895, 0,12.06685,-4.83084,0.04011,26.14600,2.90860,-0.07890,0.28133, 0,9.92498,-0.05075,0.11039,,
2504_055d,d2504055.asc,2504_08670330_055d,20-Jun-25,10:07,-0.00062,0.00751,-0.00273,0.00575,0.00000,1.01290,0.15000,0.02682, 0,0.91985,27.91612,0.03215,0.00000,1.04210,0.12910,0.01070, 0,0.93852,27.09782,0.03808,0.00000,0.00000,0.00000,8.27776, 0,10.90529,-3.09432,0.80956,26.14600,2.90860,-0.07890,0.68703, 0,4.25298,0.91133,0.39567,,
2504_056u,u2504056.asc,2504_08680325_056u,20-Jun-25,10:07,-0.00062,0.00387,-0.00273,0.00648,0.00000,1.01290,0.15000,0.11744, 0,1.06749,0.19350,0.05916,0.00000,1.04210,0.12910,0.08900, 0,1.05583,6.01409,0.05608,0.00000,0.00000,0.00000,6.55332, 0,11.92017,-5.26304,0.38740,26.14600,2.90860,-0.07890,0.77079, 0,1.13106,4.46974,0.48007,,
2504_056d,d2504056.asc,2504_08680325_056d,20-Jun-25,10:07,-0.00062,0.00554,-0.00273,0.00721,0.00000,1.01290,0.15000,0.07009, 0,0.93172,19.74489,0.04109,0.00000,1.04210,0.12910,0.07488, 0,0.95791,18.86716,0.04639,0.00000,0.00000,0.00000,6.42673, 0,10.30943,-2.40116,0.65529,26.14600,2.90860,-0.07890,0.36062, 0,13.31923,0.41856,0.02281,,
2504_057u,u2504057.asc,2504_08850301_057u,20-Jun-25,10:07,-0.00062,0.01844,-0.00273,0.01910,0.00000,1.01290,0.15000,0.02084, 0,0.87867,11.59683,0.28502,0.00000,1.04210,0.12910,0.01950, 0,0.89954,11.92104,0.27417,0.00000,0.00000,0.00000,9.35409, 0,10.73726,-1.81394,1.09309,26.14600,2.90860,-0.07890,0.15901, 0,13.47508,-0.75418,0.38427,,
2504_057d,d2504057.asc,2504_08850301_057d,20-Jun-25,10:07,-0.00062,0.02409,-0.00273,0.01537,0.00000,1.01290,0.15000,0.00648, 0,0.97935,5.41615,0.04306,0.00000,1.04210,0.12910,0.00626, 0,1.02354,2.92339,0.04589,0.00000,0.00000,0.00000,8.43373, 0,10.71565,-1.08637,1.56812,26.14600,2.90860,-0.07890,0.11365, 0,14.56254,-0.95421,0.15159,,
2504_058u,u2504058.asc,2504_09000277_058u,20-Jun-25,10:07,-0.00062,0.01027,-0.00273,0.00914,0.00000,1.01290,0.15000,0.05140, 0,0.97525,5.24721,0.19252,0.00000,1.04210,0.12910,0.00284, 0,1.01432,4.10837,0.11350,0.00000,0.00000,0.00000,11.99984, 0,12.59523,-6.58727,0.12485,26.14600,2.90860,-0.07890,0.49662, 0,14.68505,-0.90170,0.05846,,
2504_058d,d2504058.asc,2504_09000277_058d,20-Jun-25,10:07,-0.00062,0.02603,-0.00273,0.01389,0.00000,1.01290,0.15000,0.00250, 0,0.99475,2.35812,0.09334,0.00000,1.04210,0.12910,0.16495, 0,1.07888,-4.46368,0.15053,0.00000,0.00000,0.00000,11.99984, 0,12.40278,-4.53337,0.93100,26.14600,2.90860,-0.07890,1.07451, 0,18.46822,-0.72340,0.61340,,
2504_059u,u2504059.asc,2504_09000280_059u,20-Jun-25,10:07,-0.00062,0.00231,-0.00273,0.00611,0.00000,1.01290,0.15000,0.10971, 0,1.03849,6.87918,0.06481,0.00000,1.04210,0.12910,0.20980, 0,1.07925,6.71738,0.13447,0.00000,0.00000,0.00000,10.56703, 0,11.92903,-6.16638,0.64006,26.14600,2.90860,-0.07890,2.49751, 0,14.17066,0.89444,2.33589,,
2504_059d,d2504059.asc,2504_09000280_059d,20-Jun-25,10:07,-0.00062,0.01624,-0.00273,0.00987,0.00000,1.01290,0.15000,0.08233, 0,1.02156,4.49626,0.08378,0.00000,1.04210,0.12910,0.06044, 0,1.05007,2.41989,0.07643,0.00000,0.00000,0.00000,10.56703, 0,11.72730,-3.82341,0.37978,26.14600,2.90860,-0.07890,2.12508, 0,26.86414,-2.48447,0.80354,,
2504_061u,u2504061.asc,2504_09000350_061u,20-Jun-25,10:07,-0.00062,0.00265,-0.00273,0.00451,0.00000,1.01290,0.15000,0.02404, 0,1.02688,4.06765,0.02291,0.00000,1.04210,0.12910,0.03239, 0,1.05660,3.75780,0.03280,0.00000,0.00000,0.00000,12.26684, 0,11.87961,-5.00806,0.24328,26.14600,2.90860,-0.07890,0.01747, 1.49337185807656,3.41669,-0.18504,0.02855,,
2504_061d,d2504061.asc,2504_09000350_061d,20-Jun-25,10:07,-0.00062,0.00393,-0.00273,0.00397,0.00000,1.01290,0.15000,0.06064, 0,1.04065,4.16871,0.05823,0.00000,1.04210,0.12910,0.05133, 0,1.07184,3.04835,0.04693,0.00000,0.00000,0.00000,12.26684, 0,11.73541,-3.94432,0.22209,26.14600,2.90860,-0.07890,0.01508,-5.05180237212358,5.16639,-0.28464,0.02755,,
2504_062u,u2504062.asc,2504_09000370_062u,20-Jun-25,10:07,-0.00062,0.01318,-0.00273,0.01262,0.00000,1.01290,0.15000,0.02470, 0,1.01041,6.09644,0.03627,0.00000,1.04210,0.12910,0.02255, 0,1.03939,5.46709,0.03120,0.00000,0.00000,0.00000,11.80739, 0,11.78464,-5.40918,0.16283,26.14600,2.90860,-0.07890,0.02404,-9.63199266548042,6.28753,-0.34292,0.03546,,
2504_062d,d2504062.asc,2504_09000370_062d,20-Jun-25,10:08,-0.00062,0.00825,-0.00273,0.00808,0.00000,1.01290,0.15000,0.10804, 0,1.03144,4.74858,0.10110,0.00000,1.04210,0.12910,0.09863, 0,1.06039,3.58435,0.09118,0.00000,0.00000,0.00000,11.80670, 0,11.51453,-3.63382,0.51126,26.14600,2.90860,-0.07890,0.01964,-5.50594606627075,5.47839,-0.30532,0.03173,,
2504_063u,u2504063.asc,2504_09000450_063u,20-Jun-25,10:08,-0.00062,0.00530,-0.00273,0.00709,0.00000,1.01290,0.15000,0.02395, 0,0.97867,9.45602,0.04806,0.00000,1.04210,0.12910,0.04762, 0,1.00797,9.11055,0.05485,0.00000,0.00000,0.00000,10.49011, 0,11.80169,-5.95518,0.48960,26.14600,2.90860,-0.07890,0.00000,-7.58469390307862,7.33912,-0.44530,0.03179,,
2504_063d,d2504063.asc,2504_09000450_063d,20-Jun-25,10:08,-0.00062,0.02911,-0.00273,0.02835,0.00000,1.01290,0.15000,0.11939, 0,0.93462,12.21761,0.10508,0.00000,1.04210,0.12910,0.12247, 0,0.95759,11.67719,0.10864,0.00000,0.00000,0.00000,10.47135, 0,10.72504,-1.86222,0.82160,26.14600,2.90860,-0.07890,0.00000,-1.73671604266453,5.73572,-0.36931,0.06392,,
2504_064u,u2504064.asc,2504_09000530_064u,20-Jun-25,10:08,-0.00062,0.00338,-0.00273,0.00388,0.00000,1.01290,0.15000,0.04131, 0,1.01059,7.08829,0.03533,0.00000,1.04210,0.12910,0.04316, 0,1.03846,6.86529,0.02981,0.00000,0.00000,0.00000,11.99597, 0,11.94137,-6.59208,0.11441,26.14600,2.90860,-0.07890,0.05760,-15.8909210336947,11.80601,-0.69479,0.03671,,
2504_064d,d2504064.asc,2504_09000530_064d,20-Jun-25,10:08,-0.00062,0.02664,-0.00273,0.02743,0.00000,1.01290,0.15000,0.07815, 0,0.96586,8.94846,0.09413,0.00000,1.04210,0.12910,0.08114, 0,0.99027,7.93424,0.09926,0.00000,0.00000,0.00000,11.99409, 0,11.38851,-4.11550,1.09752,26.14600,2.90860,-0.07890,0.07263,-9.0177153879068,8.87091,-0.53988,0.09486,,
2504_065u,u2504065.asc,2504_09000600_065u,20-Jun-25,10:08,-0.00062,0.00458,-0.00273,0.00574,0.00000,1.01290,0.15000,0.03713, 0,1.01249,7.10500,0.02982,0.00000,1.04210,0.12910,0.04373, 0,1.04296,6.35897,0.03167,0.00000,0.00000,0.00000,13.86245, 0,11.74564,-5.99895,0.10884,26.14600,2.90860,-0.07890,0.00635,-24.08600969068,9.08546,-0.46497,0.01848,,
2504_065d,d2504065.asc,2504_09000600_065d,20-Jun-25,10:09,-0.00062,0.01932,-0.00273,0.01988,0.00000,1.01290,0.15000,0.07075, 0,1.03056,4.49500,0.06163,0.00000,1.04210,0.12910,0.06311, 0,1.05466,3.71714,0.06109,0.00000,0.00000,0.00000,13.86245, 0,11.82656,-5.61691,0.29445,26.14600,2.90860,-0.07890,0.01977,-36.3474431725846,11.58954,-0.57125,0.02871,,
2504_066u,u2504066.asc,2504_09000700_066u,20-Jun-25,10:09,-0.00062,0.03040,-0.00273,0.03163,0.00000,1.01290,0.15000,0.00000, 0,0.80858,20.79050,0.00962,0.00000,1.04210,0.12910,0.01104, 0,0.83428,20.33502,0.01438,0.00000,0.00000,0.00000,14.72645, 0,11.73660,-5.63992,0.13405,26.14600,2.90860,-0.07890,0.02659,-41.4647554937848,12.33051,-0.57803,0.03937,,
2504_066d,d2504066.asc,2504_09000700_066d,20-Jun-25,10:09,-0.00062,0.01541,-0.00273,0.01253,0.00000,1.01290,0.15000,0.16289, 0,0.79191,27.79269,0.11691,0.00000,1.04210,0.12910,0.15936, 0,0.81563,27.06496,0.11154,0.00000,0.00000,0.00000,14.72645, 0,11.57462,-4.98607,0.17132,26.14600,2.90860,-0.07890,0.03756,-58.5095495053806,16.10413,-0.76009,0.03832,,
2504_067u,u2504067.asc,2504_08670700_067u,20-Jun-25,10:09,-0.00062,0.00091,-0.00273,0.00348,0.00000,1.01290,0.15000,0.01545, 0,1.01158,6.63654,0.01743,0.00000,1.04210,0.12910,0.01387, 0,1.04359,5.40334,0.01452,0.00000,0.00000,0.00000,15.16501, 0,11.68960,-5.59192,0.17365,26.14600,2.90860,-0.07890,0.00139,-63.9350631834616,16.47988,-0.79817,0.01288,,
2504_067d,d2504067.asc,2504_08670700_067d,20-Jun-25,10:09,-0.00062,0.03974,-0.00273,0.03503,0.00000,1.01290,0.15000,0.01372, 0,1.01004,4.48169,0.03998,0.00000,1.04210,0.12910,0.01316, 0,1.04060,3.12966,0.04127,0.00000,0.00000,0.00000,15.16501, 0,11.48906,-3.55073,0.98444,26.14600,2.90860,-0.07890,0.01895,-43.2953148421124,12.11349,-0.58244,0.03042,,
2504_068u,u2504068.asc,2504_08670550_068u,20-Jun-25,10:09,-0.00062,0.00670,-0.00273,0.00713,0.00000,1.01290,0.15000,0.05488, 0,1.01317,7.18331,0.04691,0.00000,1.04210,0.12910,0.05630, 0,1.03786,6.57962,0.04713,0.00000,0.00000,0.00000,10.03645, 0,12.05198,-5.68773,0.11038,26.14600,2.90860,-0.07890,0.32683, 13.8562380807822,8.78286,-0.63263,0.07796,,
2504_068d,d2504068.asc,2504_08670550_068d,20-Jun-25,10:09,-0.00062,0.01011,-0.00273,0.01053,0.00000,1.01290,0.15000,0.10852, 0,1.02813,5.36509,0.07973,0.00000,1.04210,0.12910,0.09104, 0,1.04773,4.88168,0.07778,0.00000,0.00000,0.00000,10.03645, 0,11.71022,-3.51680,0.32472,26.14600,2.90860,-0.07890,0.54837, 53.8240882015769,-1.71115,-0.09237,0.15896,,
2504_069u,u2504069.asc,2504_08670600_069u,20-Jun-25,10:09,-0.00062,0.00000,-0.00273,0.00551,0.00000,1.01290,0.15000,0.01959, 0,1.01838,5.55721,0.01868,0.00000,1.04210,0.12910,0.01984, 0,1.05075,4.41076,0.01652,0.00000,0.00000,0.00000,14.76849, 0,11.82196,-6.19365,0.16261,26.14600,2.90860,-0.07890,0.00377,-31.3831227244038,11.65120,-0.60963,0.02889,,
2504_069d,d2504069.asc,2504_08670600_069d,20-Jun-25,10:10,-0.00062,0.02730,-0.00273,0.02681,0.00000,1.01290,0.15000,0.08459, 0,1.01419,6.45257,0.07975,0.00000,1.04210,0.12910,0.07917, 0,1.04426,5.19481,0.07609,0.00000,0.00000,0.00000,14.76849, 0,11.58836,-4.46847,0.54196,26.14600,2.90860,-0.07890,0.00815,-23.6629377204085,10.11178,-0.55093,0.02206,,
2504_070u,u2504070.asc,2504_08000700_070u,20-Jun-25,10:10,-0.00062,0.00149,-0.00273,0.00388,0.00000,1.01290,0.15000,0.08586, 0,0.79732,23.73700,0.08400,0.00000,1.04210,0.12910,0.08235, 0,0.82094,22.98279,0.08011,0.00000,0.00000,0.00000,10.86625, 0,12.02057,-7.07583,0.18634,26.14600,2.90860,-0.07890,0.04367,-12.8410496900642,10.20220,-0.58904,0.06721,,
2504_070d,d2504070.asc,2504_08000700_070d,20-Jun-25,10:10,-0.00062,0.00985,-0.00273,0.00844,0.00000,1.01290,0.15000,0.22284, 0,0.78645,26.56141,0.19791,0.00000,1.04210,0.12910,0.21630, 0,0.81213,25.11615,0.19567,0.00000,0.00000,0.00000,10.86625, 0,11.49654,-4.61323,0.37103,26.14600,2.90860,-0.07890,0.01202,-12.1895148594809,9.47219,-0.54442,0.01311,,
2504_071u,u2504071.asc,2504_08000800_071u,20-Jun-25,10:10,-0.00062,0.00665,-0.00273,0.01020,0.00000,1.01290,0.15000,0.04107, 0,0.86931,19.66685,0.01721,0.00000,1.04210,0.12910,0.04086, 0,0.89564,18.92837,0.01862,0.00000,0.00000,0.00000,15.22446, 0,11.62047,-6.22064,0.17671,26.14600,2.90860,-0.07890,0.00134,-41.1897971183677,12.98476,-0.67129,0.02506,,
2504_071d,d2504071.asc,2504_08000800_071d,20-Jun-25,10:10,-0.00062,0.03438,-0.00273,0.03177,0.00000,1.01290,0.15000,0.16630, 0,0.86906,22.79890,0.13276,0.00000,1.04210,0.12910,0.16616, 0,0.89410,21.78881,0.13261,0.00000,0.00000,0.00000,15.22446, 0,11.60099,-5.89209,0.24245,26.14600,2.90860,-0.07890,0.02105,-49.1950786496297,14.60785,-0.73432,0.03480,,
2504_072u,u2504072.asc,2504_08000900_072u,20-Jun-25,10:10,-0.00062,0.00788,-0.00273,0.00728,0.00000,1.01290,0.15000,0.04078, 0,1.00766,7.39207,0.03056,0.00000,1.04210,0.12910,0.04301, 0,1.03729,6.72356,0.03136,0.00000,0.00000,0.00000,14.09403, 0,11.67716,-6.05044,0.31255,26.14600,2.90860,-0.07890,0.00166,-16.4786181155756,8.66483,-0.48694,0.02620,,
2504_072d,d2504072.asc,2504_08000900_072d,20-Jun-25,10:10,-0.00062,0.03173,-0.00273,0.03205,0.00000,1.01290,0.15000,0.03967, 0,0.99706,5.61089,0.06433,0.00000,1.04210,0.12910,0.03873, 0,1.02516,4.49012,0.06670,0.00000,0.00000,0.00000,14.09403, 0,11.44358,-4.23332,1.16387,26.14600,2.90860,-0.07890,0.00000,-27.3800247713853,10.86574,-0.59158,0.03850,,
2504_073u,u2504073.asc,2504_08001000_073u,20-Jun-25,10:11,-0.00062,0.00876,-0.00273,0.00913,0.00000,1.01290,0.15000,0.01720, 0,0.88699,16.14978,0.02409,0.00000,1.04210,0.12910,0.00771, 0,0.91507,15.18273,0.01789,0.00000,0.00000,0.00000,15.16262, 0,11.52903,-5.43863,0.39082,26.14600,2.90860,-0.07890,0.03898,-25.6977069522336,8.74119,-0.40465,0.04129,,
2504_073d,d2504073.asc,2504_08001000_073d,20-Jun-25,10:11,-0.00062,0.00111,-0.00273,0.00263,0.00000,1.01290,0.15000,0.08397, 0,0.88759,19.42507,0.07138,0.00000,1.04210,0.12910,0.08497, 0,0.91520,17.63857,0.07606,0.00000,0.00000,0.00000,14.99507, 0,11.66319,-5.52989,0.17012,26.14600,2.90860,-0.07890,0.02216,-34.3906189456927,10.70751,-0.51261,0.02761,,
2504_074u,u2504074.asc,2504_07671000_074u,20-Jun-25,10:11,-0.00062,0.00597,-0.00273,0.00686,0.00000,1.01290,0.15000,0.02805, 0,1.01755,6.05114,0.01974,0.00000,1.04210,0.12910,0.02187, 0,1.05063,4.90941,0.00982,0.00000,0.00000,0.00000,15.26537, 0,11.71437,-6.46639,0.14181,26.14600,2.90860,-0.07890,0.00000,-38.3504784437888,11.45016,-0.55344,0.01014,,
2504_074d,d2504074.asc,2504_07671000_074d,20-Jun-25,10:11,-0.00062,0.01438,-0.00273,0.01193,0.00000,1.01290,0.15000,0.02557, 0,1.01553,6.49710,0.01991,0.00000,1.04210,0.12910,0.02065, 0,1.04514,5.26304,0.01539,0.00000,0.00000,0.00000,15.26537, 0,11.52730,-4.90412,0.26903,26.14600,2.90860,-0.07890,0.01122,-33.1185115535614,10.57803,-0.51450,0.01889,,
2504_075u,u2504075.asc,2504_07670900_075u,20-Jun-25,10:11,-0.00062,0.05912,-0.00273,0.00568,0.00000,1.01290,0.15000,0.56968, 0,1.15792,13.26035,0.36196,0.00000,1.04210,0.12910,0.13723, 0,0.96418,6.89979,0.11469,0.00000,0.00000,0.00000,15.24976, 0,11.56867,-7.86564,0.69377,26.14600,2.90860,-0.07890,0.00081,-36.9772069910662,12.33572,-0.62929,0.01440,,
2504_075d,d2504075.asc,2504_07670900_075d,20-Jun-25,10:11,-0.00062,0.00401,-0.00273,0.00657,0.00000,1.01290,0.15000,0.38270, 0,1.51140,-123.93857,0.51916,0.00000,1.04210,0.12910,0.13673, 0,0.95937,7.40112,0.10184,0.00000,0.00000,0.00000,15.24976, 0,11.52724,-6.82004,0.56108,26.14600,2.90860,-0.07890,0.00163,-31.4070075774951,11.05077,-0.56376,0.01525,,
2504_076u,u2504076.asc,2504_07670800_076u,20-Jun-25,10:11,-0.00062,0.00099,-0.00273,0.00404,0.00000,1.01290,0.15000,0.08679, 0,1.02274,6.55721,0.05522,0.00000,1.04210,0.12910,0.08377, 0,1.05464,5.62592,0.04987,0.00000,0.00000,0.00000,15.12814, 0,11.83297,-6.76161,0.11876,26.14600,2.90860,-0.07890,0.00258,-48.9369325671744,14.73729,-0.73596,0.02322,,
2504_076d,d2504076.asc,2504_07670800_076d,20-Jun-25,10:12,-0.00062,0.00893,-0.00273,0.00859,0.00000,1.01290,0.15000,0.07918, 0,1.02161,7.01498,0.05113,0.00000,1.04210,0.12910,0.08066, 0,1.05476,5.59249,0.05094,0.00000,0.00000,0.00000,15.12814, 0,11.68335,-5.47179,0.28445,26.14600,2.90860,-0.07890,0.02622,-39.4804569289514,13.22957,-0.66509,0.02527,,
2504_077u,u2504077.asc,2504_07670700_077u,20-Jun-25,10:12,-0.00062,0.00982,-0.00273,0.01037,0.00000,1.01290,0.15000,0.00494, 0,0.86483,17.33846,0.01814,0.00000,1.04210,0.12910,0.01200, 0,0.89346,17.03930,0.01510,0.00000,0.00000,0.00000,13.57527, 0,11.71135,-5.69878,0.35290,26.14600,2.90860,-0.07890,0.08701,-42.4613679641343,14.02553,-0.69312,0.07348,,
2504_077d,d2504077.asc,2504_07670700_077d,20-Jun-25,10:12,-0.00062,0.01181,-0.00273,0.01214,0.00000,1.01290,0.15000,0.03499, 0,0.86318,18.55757,0.03844,0.00000,1.04210,0.12910,0.03403, 0,0.88688,17.92750,0.03735,0.00000,0.00000,0.00000,13.57527, 0,11.36515,-3.61896,0.35087,26.14600,2.90860,-0.07890,0.09302,-41.2440153273623,13.67302,-0.66867,0.07852,,
2504_078u,u2504078.asc,2504_07670600_078u,20-Jun-25,10:12,-0.00062,0.00235,-0.00273,0.00471,0.00000,1.01290,0.15000,0.02973, 0,1.02431,4.37679,0.04120,0.00000,1.04210,0.12910,0.03378, 0,1.05473,4.34922,0.03927,0.00000,0.00000,0.00000,10.07544, 0,11447.85287,-645.24830,1.57882,26.14600,2.90860,-0.07890,0.11821,-14.6996036259975,14.20324,-0.83045,0.03424,,
2504_078d,d2504078.asc,2504_07670600_078d,20-Jun-25,10:12,-0.00062,0.02649,-0.00273,0.02693,0.00000,1.01290,0.15000,0.02120, 0,1.00899,3.93070,0.04107,0.00000,1.04210,0.12910,0.02735, 0,1.03137,3.77940,0.04866,0.00000,0.00000,0.00000,10.07544, 0,8419.83721,-465.38955,2.02469,26.14600,2.90860,-0.07890,0.06721, 1.13267835297816,9.00009,-0.56572,0.08266,,
2504_079u,u2504079.asc,2504_07670550_079u,20-Jun-25,10:12,-0.00062,0.00068,-0.00273,0.00269,0.00000,1.01290,0.15000,0.03157, 0,0.80751,19.54004,0.04006,0.00000,1.04210,0.12910,0.03433, 0,0.83166,19.11335,0.03954,0.00000,0.00000,0.00000,8.90070, 0,11.92262,-6.59541,0.10952,26.14600,2.90860,-0.07890,0.07453,-6.26486979400063,11.66662,-0.72699,0.04895,,
2504_079d,d2504079.asc,2504_07670550_079d,20-Jun-25,10:12,-0.00062,0.00081,-0.00273,0.00276,0.00000,1.01290,0.15000,0.17108, 0,0.80250,23.26321,0.14345,0.00000,1.04210,0.12910,0.16357, 0,0.82854,21.93739,0.13923,0.00000,0.00000,0.00000,8.90070, 0,11.88134,-5.98742,0.18388,26.14600,2.90860,-0.07890,0.16207,-17.8983145707218,15.81888,-0.92630,0.07868,,
2504_080u,u2504080.asc,2504_07670510_080u,20-Jun-25,10:13,-0.00062,0.00503,-0.00273,0.00632,0.00000,1.01290,0.15000,0.14485, 0,1.07371,2.14742,0.08226,0.00000,1.04210,0.12910,0.13742, 0,1.10621,1.28918,0.07536,0.00000,0.00000,0.00000,4.72245, 0,12.45908,-7.74247,0.14649,26.14600,2.90860,-0.07890,0.11051,-9.62704828991261,11.12992,-0.69117,0.07729,,
2504_080d,d2504080.asc,2504_07670510_080d,20-Jun-25,10:13,-0.00062,0.00726,-0.00273,0.00825,0.00000,1.01290,0.15000,0.21023, 0,1.00197,9.81804,0.20278,0.00000,1.04210,0.12910,0.19435, 0,1.02314,9.51565,0.19281,0.00000,0.00000,0.00000,4.72245, 0,12.29282,-6.94513,0.37870,26.14600,2.90860,-0.07890,0.00868,-13.3001800363823,10.47825,-0.62680,0.07172,,
2504_081u,u2504081.asc,2504_07670490_081u,20-Jun-25,10:13,-0.00062,0.00469,-0.00273,0.00586,0.00000,1.01290,0.15000,0.00004, 0,0.07026,123.67847,0.02872,0.00000,1.04210,0.12910,0.00000, 0,0.06183,125.16557,0.03520,0.00000,0.00000,0.00000,2.83375, 0,12.44878,-7.37568,0.16436,26.14600,2.90860,-0.07890,1.09999, 0,12.13102,0.15030,0.60916,,
2504_081d,d2504081.asc,2504_07670490_081d,20-Jun-25,10:13,-0.00062,0.00390,-0.00273,0.00519,0.00000,1.01290,0.15000,0.02365, 0,1.03920,2.75559,0.03439,0.00000,1.04210,0.12910,0.02655, 0,1.07139,1.52767,0.03242,0.00000,0.00000,0.00000,2.83375, 0,12.98616,-8.71928,0.35402,26.14600,2.90860,-0.07890,1.51475, 0,12.66800,0.39607,0.70299,,
2504_082u,u2504082.asc,2504_07330500_082u,20-Jun-25,10:13,-0.00062,0.00254,-0.00273,0.00444,0.00000,1.01290,0.15000,0.01610, 0,-0.44993,173.70898,0.03775,0.00000,1.04210,0.12910,0.01320, 0,-0.38806,164.14175,0.02977,0.00000,0.00000,0.00000,0.70347, 0,13.63701,-9.54602,0.07362,26.14600,2.90860,-0.07890,0.40612, 0,10.28984,-0.34772,0.20258,,
2504_082d,d2504082.asc,2504_07330500_082d,20-Jun-25,10:13,-0.00062,0.00175,-0.00273,0.00339,0.00000,1.01290,0.15000,0.01478, 0,-0.15231,132.49783,0.01575,0.00000,1.04210,0.12910,0.01409, 0,-0.04714,118.29581,0.02010,0.00000,0.00000,0.00000,0.60508, 0,11.39671,-3.55278,0.16459,26.14600,2.90860,-0.07890,0.36632, 0,23.11652,-2.12816,0.22017,,
2504_083u,u2504083.asc,2504_07330521_083u,20-Jun-25,10:13,-0.00062,0.00769,-0.00273,0.00803,0.00000,1.01290,0.15000,0.02617, 0,1.01828,4.71285,0.05189,0.00000,1.04210,0.12910,0.03251, 0,1.05533,3.93590,0.05097,0.00000,0.00000,0.00000,10.20586, 0,12.07733,-6.42443,0.15399,26.14600,2.90860,-0.07890,0.46605,-36.3044569241387,21.26284,-1.22748,0.30568,,
2504_083d,d2504083.asc,2504_07330521_083d,20-Jun-25,10:13,-0.00062,0.01491,-0.00273,0.01386,0.00000,1.01290,0.15000,0.03340, 0,1.03092,4.02699,0.03632,0.00000,1.04210,0.12910,0.03603, 0,1.06178,3.25696,0.03785,0.00000,0.00000,0.00000,10.18820, 0,12.27611,-6.41591,0.73134,26.14600,2.90860,-0.07890,0.54707,-164.328781571433,51.74848,-2.70460,0.38966,,
2504_084u,u2504084.asc,2504_07330550_084u,20-Jun-25,10:13,-0.00062,0.00077,-0.00273,0.00283,0.00000,1.01290,0.15000,0.01222, 0,1.01303,6.69451,0.00834,0.00000,1.04210,0.12910,0.02182, 0,1.04998,5.81502,0.00812,0.00000,0.00000,0.00000,14.58499, 0,12.30336,-7.08504,0.10431,26.14600,2.90860,-0.07890,0.05955, 0,4.85253,-0.24562,0.06141,,
2504_084d,d2504084.asc,2504_07330550_084d,20-Jun-25,10:13,-0.00062,0.01000,-0.00273,0.00861,0.00000,1.01290,0.15000,0.06983, 0,1.02574,6.40777,0.06286,0.00000,1.04210,0.12910,0.07658, 0,1.06330,5.21148,0.06159,0.00000,0.00000,0.00000,14.58499, 0,12.09566,-5.63923,0.19316,26.14600,2.90860,-0.07890,0.05652, 0,5.03118,-0.26432,0.06645,,
2504_085u,u2504085.asc,2504_07330600_085u,20-Jun-25,10:13,-0.00062,0.00243,-0.00273,0.00625,0.00000,1.01290,0.15000,0.02460, 0,1.02498,4.24183,0.01766,0.00000,1.04210,0.12910,0.04202, 0,1.05752,3.63185,0.02909,0.00000,0.00000,0.00000,14.60105, 0,12.22326,-7.17398,0.28738,26.14600,2.90860,-0.07890,0.10070, 0,4.62707,-0.23490,0.12034,,
2504_085d,d2504085.asc,2504_07330600_085d,20-Jun-25,10:13,-0.00062,0.00390,-0.00273,0.00579,0.00000,1.01290,0.15000,0.05625, 0,1.02925,4.48096,0.02712,0.00000,1.04210,0.12910,0.02654, 0,1.05350,3.89494,0.01657,0.00000,0.00000,0.00000,14.60105, 0,12.12155,-6.13304,0.18757,26.14600,2.90860,-0.07890,0.05380, 0,4.81920,-0.26394,0.10288,,
2504_086u,u2504086.asc,2504_07000510_086u,20-Jun-25,10:14,-0.00062,0.00278,-0.00273,0.00415,0.00000,1.01290,0.15000,0.02298, 0,0.99334,7.33633,0.03956,0.00000,1.04210,0.12910,0.02806, 0,0.99749,8.63748,0.04094,0.00000,0.00000,0.00000,3.40736, 0,59.22382,-13.13663,0.27731,26.14600,2.90860,-0.07890,0.14339, 38.3658018150236,13.68050,-1.05022,0.01101,,
2504_086d,d2504086.asc,2504_07000510_086d,20-Jun-25,10:14,-0.00062,0.01003,-0.00273,0.01078,0.00000,1.01290,0.15000,0.01757, 0,0.92935,12.10036,0.06384,0.00000,1.04210,0.12910,0.02382, 0,0.94415,12.43185,0.06249,0.00000,0.00000,0.00000,3.40736, 0,55.65050,-9.83089,0.30569,26.14600,2.90860,-0.07890,0.11011, 271.752739351581,-35.60450,1.18257,0.02280,,
2504_087u,u2504087.asc,2504_06710477_087u,20-Jun-25,10:14,-0.00062,0.01106,-0.00273,0.01455,0.00000,1.01290,0.15000,0.00000, 0,1.01429,4.64513,0.03934,0.00000,1.04210,0.12910,0.00210, 0,1.04639,4.24621,0.04134,0.00000,0.00000,0.00000,12.45820, 0,60.10555,-13.75965,0.35219,26.14600,2.90860,-0.07890,0.05734, 0,14.72662,-0.94945,0.09337,,
2504_087d,d2504087.asc,2504_06710477_087d,20-Jun-25,10:14,-0.00062,0.00590,-0.00273,0.00702,0.00000,1.01290,0.15000,0.08916, 0,1.01287,6.86900,0.05198,0.00000,1.04210,0.12910,0.08075, 0,1.03450,6.61662,0.04297,0.00000,0.00000,0.00000,12.38076, 0,59.46376,-12.55858,0.18351,26.14600,2.90860,-0.07890,0.07238, 0,15.24666,-0.98039,0.18705,,
2504_088u,u2504088.asc,2504_06670500_088u,20-Jun-25,10:14,-0.00062,0.00107,-0.00273,0.00385,0.00000,1.01290,0.15000,0.01780, 0,1.00548,6.96023,0.01963,0.00000,1.04210,0.12910,0.02252, 0,1.03898,6.68635,0.01672,0.00000,0.00000,0.00000,4.39456, 0,9081.80052,-501.30867,0.73638,26.14600,2.90860,-0.07890,0.61142, 0,17.29203,-1.11801,0.08270,,
2504_088d,d2504088.asc,2504_06670500_088d,20-Jun-25,10:14,-0.00062,0.00461,-0.00273,0.00586,0.00000,1.01290,0.15000,0.05009, 0,1.04581,3.62207,0.02050,0.00000,1.04210,0.12910,0.04618, 0,1.06401,3.90496,0.01944,0.00000,0.00000,0.00000,4.39456, 0,4968.68666,-260.03486,0.76763,26.14600,2.90860,-0.07890,0.38358, 0,14.64625,-0.93770,0.01965,,
2504_089u,u2504089.asc,2504_06810559_089u,20-Jun-25,10:14,-0.00062,0.00088,-0.00273,0.00352,0.00000,1.01290,0.15000,0.17040, 0,1.01734,7.78363,0.14231,0.00000,1.04210,0.12910,0.17524, 0,1.05095,7.44857,0.14327,0.00000,0.00000,0.00000,8.08185, 0,58.42294,-13.70062,0.34356,26.14600,2.90860,-0.07890,0.01413, 0,9.03762,-0.59091,0.04571,,
2504_089d,d2504089.asc,2504_06810559_089d,20-Jun-25,10:14,-0.00062,0.00429,-0.00273,0.00562,0.00000,1.01290,0.15000,0.18517, 0,1.00848,8.17632,0.15568,0.00000,1.04210,0.12910,0.19017, 0,1.03349,8.17137,0.15448,0.00000,0.00000,0.00000,8.08185, 0,59.05685,-13.55021,0.25640,26.14600,2.90860,-0.07890,0.02135, 0,8.56334,-0.54051,0.02719,,
2504_090u,u2504090.asc,2504_07000550_090u,20-Jun-25,10:14,-0.00062,0.00195,-0.00273,0.00412,0.00000,1.01290,0.15000,0.17940, 0,1.01459,8.07466,0.15154,0.00000,1.04210,0.12910,0.15364, 0,1.04394,7.88739,0.12684,0.00000,0.00000,0.00000,9.22623, 0,61.32960,-15.33774,0.30491,26.14600,2.90860,-0.07890,0.18029, 0,10.35030,-0.63537,0.07031,,
2504_090d,d2504090.asc,2504_07000550_090d,20-Jun-25,10:14,-0.00062,0.00512,-0.00273,0.00585,0.00000,1.01290,0.15000,0.01412, 0,0.96602,9.09997,0.09663,0.00000,1.04210,0.12910,0.01707, 0,0.99883,8.43298,0.09753,0.00000,0.00000,0.00000,9.22623, 0,59.72439,-13.54898,0.40616,26.14600,2.90860,-0.07890,0.14304, 0,9.61688,-0.63946,0.07797,,
2504_091u,u2504091.asc,2504_07000600_091u,20-Jun-25,10:15,-0.00062,0.01943,-0.00273,0.02215,0.00000,1.01290,0.15000,0.09498, 0,1.02106,6.30123,0.07899,0.00000,1.04210,0.12910,0.08697, 0,1.05375,6.06242,0.06892,0.00000,0.00000,0.00000,14.12376, 0,62.30650,-15.55570,0.31674,26.14600,2.90860,-0.07890,0.64502, 0,20.32065,-1.26706,0.11612,,
2504_091d,d2504091.asc,2504_07000600_091d,20-Jun-25,10:15,-0.00062,0.02548,-0.00273,0.02432,0.00000,1.01290,0.15000,0.03335, 0,1.02461,3.23879,0.02822,0.00000,1.04210,0.12910,0.03066, 0,1.04619,2.78488,0.03081,0.00000,0.00000,0.00000,14.12376, 0,60.44664,-12.87406,0.45704,26.14600,2.90860,-0.07890,0.60388, 0,18.68494,-1.22679,0.12836,,
2504_092u,u2504092.asc,2504_07000633_092u,20-Jun-25,10:15,-0.00062,0.01059,-0.00273,0.01048,0.00000,1.01290,0.15000,0.13334, 0,1.00624,8.35855,0.11174,0.00000,1.04210,0.12910,0.13618, 0,1.04614,7.58435,0.11052,0.00000,0.00000,0.00000,15.43396, 0,14048.41831,-790.02111,1.50224,26.14600,2.90860,-0.07890,0.17874,-51.762400050136,21.20374,-1.13085,0.11997,,
2504_092d,d2504092.asc,2504_07000633_092d,20-Jun-25,10:15,-0.00062,0.06325,-0.00273,0.06401,0.00000,1.01290,0.15000,0.12043, 0,0.99100,8.42117,0.16566,0.00000,1.04210,0.12910,0.12339, 0,1.02351,7.88858,0.16450,0.00000,0.00000,0.00000,15.43396, 0,12594.86972,-703.84003,1.71894,26.14600,2.90860,-0.07890,0.19715,-78.4978141731809,29.16763,-1.60793,0.05964,,
2504_093u,u2504093.asc,2504_07000667_093u,20-Jun-25,10:15,-0.00062,0.02239,-0.00273,0.02191,0.00000,1.01290,0.15000,0.16952, 0,1.04447,2.27221,0.09748,0.00000,1.04210,0.12910,0.17092, 0,1.07986,1.72848,0.08519,0.00000,0.00000,0.00000,15.22352, 0,60.56440,-14.16995,0.21254,26.14600,2.90860,-0.07890,0.00000, 0,1.75187,-0.02176,0.10662,,
2504_093d,d2504093.asc,2504_07000667_093d,20-Jun-25,10:15,-0.00062,0.00839,-0.00273,0.00789,0.00000,1.01290,0.15000,0.16367, 0,1.05798,3.34415,0.06970,0.00000,1.04210,0.12910,0.15399, 0,1.08511,3.51987,0.05801,0.00000,0.00000,0.00000,15.21993, 0,59.69271,-13.04980,0.22597,26.14600,2.90860,-0.07890,0.00000, 0,2.09690,-0.03011,0.11686,,
2504_094u,u2504094.asc,2504_07000700_094u,20-Jun-25,10:15,-0.00062,0.01886,-0.00273,0.02104,0.00000,1.01290,0.15000,0.02529, 0,1.01451,6.31217,0.02314,0.00000,1.04210,0.12910,0.04672, 0,1.05332,5.94521,0.01737,0.00000,0.00000,0.00000,14.91880, 0,60.37788,-14.61981,0.27761,26.14600,2.90860,-0.07890,0.00053, 0,5.14565,-0.33334,0.03662,,
2504_094d,d2504094.asc,2504_07000700_094d,20-Jun-25,10:16,-0.00062,0.03287,-0.00273,0.03162,0.00000,1.01290,0.15000,0.03617, 0,0.99689,6.10925,0.05347,0.00000,1.04210,0.12910,0.04214, 0,1.03116,5.79981,0.04943,0.00000,0.00000,0.00000,14.91880, 0,58.23058,-11.87849,0.43177,26.14600,2.90860,-0.07890,0.00000, 0,4.58182,-0.27977,0.15645,,
2504_095u,u2504095.asc,2504_07330700_095u,20-Jun-25,10:16,-0.00062,0.00167,-0.00273,0.00492,0.00000,1.01290,0.15000,0.04473, 0,1.02103,5.48514,0.03442,0.00000,1.04210,0.12910,0.06688, 0,1.06337,4.77090,0.03689,0.00000,0.00000,0.00000,15.67268, 0,60.86465,-15.02653,0.39000,26.14600,2.90860,-0.07890,0.02473, 0,4.23643,-0.20397,0.08140,,
2504_095d,d2504095.asc,2504_07330700_095d,20-Jun-25,10:16,-0.00062,0.00802,-0.00273,0.00759,0.00000,1.01290,0.15000,0.03873, 0,1.01911,7.01701,0.03036,0.00000,1.04210,0.12910,0.06621, 0,1.05770,6.44621,0.03940,0.00000,0.00000,0.00000,15.67268, 0,60.30946,-14.00002,0.22585,26.14600,2.90860,-0.07890,0.00100, 0,4.06188,-0.21104,0.07684,,
2504_096u,u2504096.asc,2504_07330800_096u,20-Jun-25,10:16,-0.00062,0.00257,-0.00273,0.00471,0.00000,1.01290,0.15000,0.02500, 0,1.01614,6.07544,0.02392,0.00000,1.04210,0.12910,0.04554, 0,1.05755,5.69116,0.02075,0.00000,0.00000,0.00000,16.49457, 0,59.28652,-14.11209,0.11338,26.14600,2.90860,-0.07890,0.00587, 0,4.43410,-0.25103,0.01342,,
2504_096d,d2504096.asc,2504_07330800_096d,20-Jun-25,10:16,-0.00062,0.01585,-0.00273,0.01416,0.00000,1.01290,0.15000,0.04866, 0,1.01175,7.56284,0.04248,0.00000,1.04210,0.12910,0.06024, 0,1.05065,6.96111,0.03818,0.00000,0.00000,0.00000,16.49457, 0,58.94778,-12.95824,0.38306,26.14600,2.90860,-0.07890,0.00940, 0,3.42151,-0.17501,0.01937,,
2504_097u,u2504097.asc,2504_07330900_097u,20-Jun-25,10:16,-0.00062,0.01425,-0.00273,0.01645,0.00000,1.01290,0.15000,0.03797, 0,1.01850,5.74049,0.02384,0.00000,1.04210,0.12910,0.04668, 0,1.05195,5.53249,0.02319,0.00000,0.00000,0.00000,15.69615, 0,58.88977,-13.87186,0.19581,26.14600,2.90860,-0.07890,0.00896,-4.15095469770567,5.02689,-0.26485,0.01620,,
2504_097d,d2504097.asc,2504_07330900_097d,20-Jun-25,10:16,-0.00062,0.05525,-0.00273,0.05339,0.00000,1.01290,0.15000,0.04033, 0,1.00650,6.09812,0.03549,0.00000,1.04210,0.12910,0.04817, 0,1.03716,5.68126,0.03711,0.00000,0.00000,0.00000,15.69615, 0,58.45421,-12.10134,0.64801,26.14600,2.90860,-0.07890,0.01313,-24.0603474864291,8.34127,-0.38646,0.01517,,
2504_098u,u2504098.asc,2504_07000900_098u,20-Jun-25,10:16,-0.00062,0.01266,-0.00273,0.01463,0.00000,1.01290,0.15000,0.04364, 0,1.01081,7.07433,0.04187,0.00000,1.04210,0.12910,0.03219, 0,1.04327,6.16582,0.02792,0.00000,0.00000,0.00000,15.56492, 0,58.88970,-13.62997,0.23872,26.14600,2.90860,-0.07890,0.00167, 0,3.71288,-0.20292,0.01486,,
2504_098d,d2504098.asc,2504_07000900_098d,20-Jun-25,10:17,-0.00062,0.00675,-0.00273,0.00852,0.00000,1.01290,0.15000,0.03525, 0,1.01760,6.61799,0.02487,0.00000,1.04210,0.12910,0.02668, 0,1.05017,5.59333,0.01532,0.00000,0.00000,0.00000,15.56492, 0,58.74417,-12.87740,0.08867,26.14600,2.90860,-0.07890,0.00211, 0,3.99993,-0.21848,0.02198,,
2504_099u,u2504099.asc,2504_07000800_099u,20-Jun-25,10:17,-0.00062,0.01582,-0.00273,0.01833,0.00000,1.01290,0.15000,0.17351, 0,1.02560,6.31840,0.12616,0.00000,1.04210,0.12910,0.16986, 0,1.05569,6.05678,0.12045,0.00000,0.00000,0.00000,15.88756, 0,58.81709,-13.78505,0.10321,26.14600,2.90860,-0.07890,0.00000, 0,3.61515,-0.21247,0.02322,,
2504_099d,d2504099.asc,2504_07000800_099d,20-Jun-25,10:17,-0.00062,0.02140,-0.00273,0.02270,0.00000,1.01290,0.15000,0.13090, 0,1.02021,5.20980,0.10686,0.00000,1.04210,0.12910,0.15684, 0,1.05356,4.36530,0.12064,0.00000,0.00000,0.00000,15.88756, 0,58.00045,-11.96477,0.54013,26.14600,2.90860,-0.07890,0.00000, 0,3.77047,-0.23696,0.01389,,
2504_100u,u2504100.asc,2504_06670900_100u,20-Jun-25,10:17,-0.00062,0.00983,-0.00273,0.01038,0.00000,1.01290,0.15000,0.05484, 0,1.01304,7.36925,0.04158,0.00000,1.04210,0.12910,0.02832, 0,1.04092,6.21340,0.02424,0.00000,0.00000,0.00000,16.29987, 0,59.40210,-13.99497,0.17089,26.14600,2.90860,-0.07890,0.00000, 0,3.70166,-0.22755,0.03077,,
2504_100d,d2504100.asc,2504_06670900_100d,20-Jun-25,10:17,-0.00062,0.02385,-0.00273,0.02353,0.00000,1.01290,0.15000,0.04184, 0,1.02077,5.16692,0.03726,0.00000,1.04210,0.12910,0.01267, 0,1.04554,4.72009,0.01144,0.00000,0.00000,0.00000,16.29987, 0,59.56805,-12.80061,0.52433,26.14600,2.90860,-0.07890,0.00000, 0,3.64245,-0.21622,0.01492,,
2504_101u,u2504101.asc,2504_06670800_101u,20-Jun-25,10:17,-0.00062,0.01809,-0.00273,0.02007,0.00000,1.01290,0.15000,0.03820, 0,0.86424,16.77900,0.02725,0.00000,1.04210,0.12910,0.01620, 0,0.89010,16.10764,0.00952,0.00000,0.00000,0.00000,15.80383, 0,60.26330,-13.64795,0.16167,26.14600,2.90860,-0.07890,0.00980,-19.8348906379862,7.38731,-0.37206,0.02327,,
2504_101d,d2504101.asc,2504_06670800_101d,20-Jun-25,10:17,-0.00062,0.00960,-0.00273,0.00939,0.00000,1.01290,0.15000,0.04170, 0,0.86227,17.40514,0.03676,0.00000,1.04210,0.12910,0.03647, 0,0.88431,17.24407,0.02814,0.00000,0.00000,0.00000,15.68535, 0,60.19726,-12.90324,0.30797,26.14600,2.90860,-0.07890,0.00000,-18.108588034493,7.41764,-0.38944,0.01230,,
2504_102u,u2504102.asc,2504_06670700_102u,20-Jun-25,10:18,-0.00062,0.03440,-0.00273,0.03728,0.00000,1.01290,0.15000,0.01575, 0,1.02258,2.37252,0.05041,0.00000,1.04210,0.12910,0.01411, 0,1.05489,1.75145,0.04815,0.00000,0.00000,0.00000,15.65695, 0,60.03226,-13.61335,0.53855,26.14600,2.90860,-0.07890,0.00000, 0,2.98004,-0.17416,0.01477,,
2504_102d,d2504102.asc,2504_06670700_102d,20-Jun-25,10:18,-0.00062,0.04308,-0.00273,0.04231,0.00000,1.01290,0.15000,0.07918, 0,0.99628,8.52826,0.08256,0.00000,1.04210,0.12910,0.07769, 0,1.02674,7.92152,0.08211,0.00000,0.00000,0.00000,15.64159, 0,58.19520,-11.85452,0.87228,26.14600,2.90860,-0.07890,0.00000, 0,3.09424,-0.18558,0.01001,,
2504_103u,u2504103.asc,2504_06670600_103u,20-Jun-25,10:18,-0.00062,0.00112,-0.00273,0.00250,0.00000,1.01290,0.15000,0.11505, 0,1.03960,5.08803,0.03902,0.00000,1.04210,0.12910,0.14302, 0,1.07554,4.68028,0.05010,0.00000,0.00000,0.00000,9.55104, 0,63.21070,-16.90332,0.29956,26.14600,2.90860,-0.07890,0.32816, 0,13.91627,-0.91131,0.03656,,
2504_103d,d2504103.asc,2504_06670600_103d,20-Jun-25,10:18,-0.00062,0.01363,-0.00273,0.01489,0.00000,1.01290,0.15000,0.02775, 0,0.91003,14.72920,0.11238,0.00000,1.04210,0.12910,0.03083, 0,0.92952,14.77529,0.10712,0.00000,0.00000,0.00000,9.55104, 0,52.37504,-8.03047,0.45600,26.14600,2.90860,-0.07890,0.21358, 0,9.72764,-0.64387,0.15786,,
2504_104u,u2504104.asc,2504_06670550_104u,20-Jun-25,10:18,-0.00062,0.00462,-0.00273,0.00683,0.00000,1.01290,0.15000,0.08871, 0,1.01451,7.27641,0.07777,0.00000,1.04210,0.12910,0.09618, 0,1.04514,6.97646,0.07949,0.00000,0.00000,0.00000,12.51559, 0,60.61039,-15.17606,0.27538,26.14600,2.90860,-0.07890,0.03763, 0,7.63986,-0.46106,0.02220,,
2504_104d,d2504104.asc,2504_06670550_104d,20-Jun-25,10:18,-0.00062,0.00652,-0.00273,0.00808,0.00000,1.01290,0.15000,0.11598, 0,1.02644,6.69014,0.09912,0.00000,1.04210,0.12910,0.11620, 0,1.04509,7.17224,0.09631,0.00000,0.00000,0.00000,12.51559, 0,58.07299,-12.67108,0.20224,26.14600,2.90860,-0.07890,0.03366, 0,6.48399,-0.37534,0.02543,,
2504_105u,u2504105.asc,2504_06530527_105u,20-Jun-25,10:18,-0.00062,0.05988,-0.00273,0.06148,0.00000,1.01290,0.15000,0.00000, 0,0.95255,10.68429,0.06727,0.00000,1.04210,0.12910,0.00780, 0,0.98274,10.27232,0.06142,0.00000,0.00000,0.00000,11.38512, 0,56.12454,-11.81417,0.25227,26.14600,2.90860,-0.07890,0.09437, 0,8.30894,-0.47067,0.12876,,
2504_105d,d2504105.asc,2504_06530527_105d,20-Jun-25,10:19,-0.00062,0.02748,-0.00273,0.02721,0.00000,1.01290,0.15000,0.18375, 0,1.05460,2.77520,0.16095,0.00000,1.04210,0.12910,0.17473, 0,1.06203,4.06902,0.17465,0.00000,0.00000,0.00000,11.38512, 0,58.93881,-13.73058,0.26963,26.14600,2.90860,-0.07890,0.33060, 0,9.61702,-0.50972,0.24140,,
2504_106u,u2504106.asc,2504_06330520_106u,20-Jun-25,10:19,-0.00062,0.10067,-0.00273,0.10578,0.00000,1.01290,0.15000,0.00000, 0,0.74428,22.00444,0.00795,0.00000,1.04210,0.12910,0.00000, 0,0.75497,23.05400,0.00490,0.00000,0.00000,0.00000,7.43380, 0,48.41252,-5.87637,1.10583,26.14600,2.90860,-0.07890,0.08779, 0,6.25194,-0.33223,0.10464,,
2504_106d,d2504106.asc,2504_06330520_106d,20-Jun-25,10:19,-0.00062,0.14122,-0.00273,0.14329,0.00000,1.01290,0.15000,0.01068, 0,0.71025,24.53165,0.00104,0.00000,1.04210,0.12910,0.00000, 0,0.71890,24.92268,0.00336,0.00000,0.00000,0.00000,6.68475, 0,45.22866,-2.95736,1.33913,26.14600,2.90860,-0.07890,0.07165, 0,5.48867,-0.26726,0.13823,,
2504_107u,u2504107.asc,2504_06330550_107u,20-Jun-25,10:19,-0.00062,0.03936,-0.00273,0.03564,0.00000,1.01290,0.15000,0.01618, 0,1.01461,5.98953,0.02605,0.00000,1.04210,0.12910,0.05539, 0,1.05896,4.91398,0.04290,0.00000,0.00000,0.00000,13.85988, 0,60.97633,-15.12965,0.12648,26.14600,2.90860,-0.07890,0.90204, 0,11.36892,-0.38511,1.07735,,
2504_107d,d2504107.asc,2504_06330550_107d,20-Jun-25,10:19,-0.00062,0.02481,-0.00273,0.02519,0.00000,1.01290,0.15000,0.14560, 0,1.13212,-3.23260,0.13067,0.00000,1.04210,0.12910,0.13713, 0,1.16579,-4.41213,0.11036,0.00000,0.00000,0.00000,13.85988, 0,61.74222,-15.16527,0.22210,26.14600,2.90860,-0.07890,0.61499, 0,11.87032,-0.39199,0.89297,,
2504_109u,u2504109.asc,2504_06330700_109u,20-Jun-25,10:19,-0.00062,0.00036,-0.00273,0.00409,0.00000,1.01290,0.15000,0.04172, 0,1.01905,6.18317,0.02789,0.00000,1.04210,0.12910,0.03820, 0,1.04609,6.19821,0.02252,0.00000,0.00000,0.00000,16.44551, 0,60.16696,-14.54152,0.14079,26.14600,2.90860,-0.07890,0.01000, 0,3.63133,-0.20406,0.03316,,
2504_109d,d2504109.asc,2504_06330700_109d,20-Jun-25,10:19,-0.00062,0.00243,-0.00273,0.00403,0.00000,1.01290,0.15000,0.08229, 0,1.02620,5.54597,0.05547,0.00000,1.04210,0.12910,0.06801, 0,1.05128,5.27577,0.04830,0.00000,0.00000,0.00000,16.44551, 0,60.32340,-13.88171,0.25895,26.14600,2.90860,-0.07890,0.00167, 0,3.94828,-0.22951,0.02877,,
2504_110u,u2504110.asc,2504_06330800_110u,20-Jun-25,10:19,-0.00062,0.00000,-0.00273,0.00364,0.00000,1.01290,0.15000,0.03546, 0,1.01469,6.24428,0.03835,0.00000,1.04210,0.12910,0.04101, 0,1.03899,6.91856,0.03136,0.00000,0.00000,0.00000,15.94918, 0,58.00355,-13.88649,0.45872,26.14600,2.90860,-0.07890,0.00233, 0,3.55547,-0.20743,0.01838,,
2504_110d,d2504110.asc,2504_06330800_110d,20-Jun-25,10:19,-0.00062,0.02903,-0.00273,0.03052,0.00000,1.01290,0.15000,0.03172, 0,1.02443,3.03986,0.05026,0.00000,1.04210,0.12910,0.02697, 0,1.04438,3.53764,0.03945,0.00000,0.00000,0.00000,15.94918, 0,56.36799,-11.69548,0.70611,26.14600,2.90860,-0.07890,0.00233, 0,3.99689,-0.25116,0.00933,,
2504_111u,u2504111.asc,2504_06330900_111u,20-Jun-25,10:19,-0.00062,0.00203,-0.00273,0.00501,0.00000,1.01290,0.15000,0.01472, 0,1.01519,5.84638,0.02428,0.00000,1.04210,0.12910,0.02704, 0,1.04804,5.46765,0.02349,0.00000,0.00000,0.00000,15.36740, 0,59.89217,-14.02694,0.08624,26.14600,2.90860,-0.07890,0.00635,-28.2271742433989,10.34297,-0.51834,0.01084,,
2504_111d,d2504111.asc,2504_06330900_111d,20-Jun-25,10:20,-0.00062,0.02023,-0.00273,0.02290,0.00000,1.01290,0.15000,0.02212, 0,1.01677,6.52048,0.02396,0.00000,1.04210,0.12910,0.02763, 0,1.04650,6.04599,0.02251,0.00000,0.00000,0.00000,15.36740, 0,60.15600,-13.34426,0.22840,26.14600,2.90860,-0.07890,0.02332,-46.9968029210717,14.47351,-0.70583,0.01710,,
2504_112u,u2504112.asc,2504_06000900_112u,20-Jun-25,10:20,-0.00062,0.01466,-0.00273,0.01705,0.00000,1.01290,0.15000,0.00520, 0,1.02621,3.39570,0.00504,0.00000,1.04210,0.12910,0.09972, 0,1.08860,5.39338,0.03394,0.00000,0.00000,0.00000,16.13512, 0,485.88305,-58.48785,8.94494,26.14600,2.90860,-0.07890,0.00000, 0,4.56074,-0.27373,0.01490,,
2504_112d,d2504112.asc,2504_06000900_112d,20-Jun-25,10:20,-0.00062,0.02281,-0.00273,0.01531,0.00000,1.01290,0.15000,0.02330, 0,1.02588,3.55944,0.02287,0.00000,1.04210,0.12910,0.00738, 0,1.04795,5.95537,0.01368,0.00000,0.00000,0.00000,10.17833, 0,-594.59661,129.22203,16.13512,26.14600,2.90860,-0.07890,0.00000, 0,3.13751,-0.15977,0.02540,,
2504_113u,u2504113.asc,2504_06000800_113u,20-Jun-25,10:20,-0.00062,0.00127,-0.00273,0.00358,0.00000,1.01290,0.15000,0.02679, 0,1.01533,6.44305,0.02279,0.00000,1.04210,0.12910,0.03061, 0,1.04172,6.66189,0.02099,0.00000,0.00000,0.00000,16.52854, 0,60.85612,-9.90782,0.14439,26.14600,2.90860,-0.07890,0.00167, 0,2.87517,-0.15751,0.03079,,
2504_113d,d2504113.asc,2504_06000800_113d,20-Jun-25,10:20,-0.00062,0.00698,-0.00273,0.00582,0.00000,1.01290,0.15000,0.01947, 0,1.00982,6.22309,0.02642,0.00000,1.04210,0.12910,0.02037, 0,1.03850,5.81984,0.02491,0.00000,0.00000,0.00000,16.52854, 0,60.44912,-8.95242,0.25982,26.14600,2.90860,-0.07890,0.00167, 0,2.65275,-0.15574,0.01205,,
2504_114u,u2504114.asc,2504_06000700_114u,20-Jun-25,10:20,-0.00062,0.00778,-0.00273,0.01076,0.00000,1.01290,0.15000,0.03991, 0,1.00989,6.67200,0.04037,0.00000,1.04210,0.12910,0.04772, 0,1.04205,5.94162,0.04579,0.00000,0.00000,0.00000,14.19429, 0,59.62847,-9.72290,0.17340,26.14600,2.90860,-0.07890,0.01772, 0,5.93204,-0.33795,0.04301,,
2504_114d,d2504114.asc,2504_06000700_114d,20-Jun-25,10:20,-0.00062,0.02157,-0.00273,0.02333,0.00000,1.01290,0.15000,0.05024, 0,1.02817,5.68308,0.03436,0.00000,1.04210,0.12910,0.05576, 0,1.05211,5.79836,0.03400,0.00000,0.00000,0.00000,14.12412, 0,59.52572,-9.16727,0.21112,26.14600,2.90860,-0.07890,0.07479, 0,5.19844,-0.25454,0.08371,,
2504_115u,u2504115.asc,2504_06000600_115u,20-Jun-25,10:21,-0.00062,0.00368,-0.00273,0.00568,0.00000,1.01290,0.15000,0.04660, 0,1.02509,4.40663,0.04785,0.00000,1.04210,0.12910,0.04333, 0,1.05269,4.15622,0.03508,0.00000,0.00000,0.00000,14.99165, 0,61.34088,-11.02416,0.34080,26.14600,2.90860,-0.07890,0.09105,-134.387027478507,33.24453,-1.58614,0.04551,,
2504_115d,d2504115.asc,2504_06000600_115d,20-Jun-25,10:21,-0.00062,0.03948,-0.00273,0.03281,0.00000,1.01290,0.15000,0.02878, 0,1.01920,2.91443,0.02119,0.00000,1.04210,0.12910,0.01569, 0,1.04088,3.00080,0.02313,0.00000,0.00000,0.00000,14.99165, 0,58.84993,-7.81328,0.96434,26.14600,2.90860,-0.07890,0.08295,-90.5659266184019,24.37692,-1.18127,0.04980,,
2504_116u,u2504116.asc,2504_06000530_116u,20-Jun-25,10:21,-0.00062,0.01213,-0.00273,0.01500,0.00000,1.01290,0.15000,0.09497, 0,1.04751,1.25740,0.01271,0.00000,1.04210,0.12910,0.08175, 0,1.07207,0.64226,0.01159,0.00000,0.00000,0.00000,4.57193, 0,57.63842,-7.80518,0.20248,26.14600,2.90860,-0.07890,0.10953, 0,5.52128,-0.18698,0.40964,,
2504_116d,d2504116.asc,2504_06000530_116d,20-Jun-25,10:21,-0.00062,0.02521,-0.00273,0.02243,0.00000,1.01290,0.15000,0.06726, 0,1.00811,2.63112,0.02938,0.00000,1.04210,0.12910,0.11870, 0,1.04556,0.90092,0.04465,0.00000,0.00000,0.00000,4.57193, 0,53.97686,-4.93827,0.44848,26.14600,2.90860,-0.07890,0.00000, 0,5.33374,-0.28517,0.29560,,
